surname,forename,player_name,ssn,season,disam_name
A'Court,Alan,Alan A'Court,1964,1964/65,A'Court
A'Court,Alan,Alan A'Court,1965,1965/66,A'Court
Adams,Arthur,Arthur Adams,1929,1929/30,Adams
Adams,Arthur,Arthur Adams,1930,1930/31,Adams
Adams,Arthur,Arthur Adams,1931,1931/32,Adams
Adams,Arthur,Arthur Adams,1932,1932/33,Adams
Adkins,Nigel,Nigel Adkins,1982,1982/83,Adkins
Adkins,Nigel,Nigel Adkins,1983,1983/84,Adkins
Adkins,Nigel,Nigel Adkins,1984,1984/85,Adkins
Adkins,Nigel,Nigel Adkins,1985,1985/86,Adkins
Alcock,Edward,Edward Alcock,1935,1935/36,Alcock
Aldridge,John,John Aldridge,1991,1991/92,Aldridge
Aldridge,John,John Aldridge,1992,1992/93,Aldridge
Aldridge,John,John Aldridge,1993,1993/94,Aldridge
Aldridge,John,John Aldridge,1994,1994/95,Aldridge
Aldridge,John,John Aldridge,1995,1995/96,Aldridge
Aldridge,John,John Aldridge,1996,1996/97,Aldridge
Alexander,Alex,Alex Alexander,1946,1946/47,Alexander
Alexander,Alex,Alex Alexander,1947,1947/48,Alexander
Alexander,Alex,Alex Alexander,1948,1948/49,Alexander
Alldis,Gillie,Gillie Alldis,1938,1938/39,Alldis
Alldis,Gillie,Gillie Alldis,1946,1946/47,Alldis
Alldis,Gillie,Gillie Alldis,1947,1947/48,Alldis
Alldis,Gillie,Gillie Alldis,1948,1948/49,Alldis
Allen,Mark,Mark Allen,1983,1983/84,Allen
Allen,Russell,Russell Allen,1973,1973/74,Allen
Allen,Russell,Russell Allen,1974,1974/75,Allen
Allen,Russell,Russell Allen,1975,1975/76,Allen
Allen,Russell,Russell Allen,1976,1976/77,Allen
Allen,Russell,Russell Allen,1977,1977/78,Allen
Almond,John,John Almond,1936,1936/37,Almond
Amery,Charlie,Charlie Amery,1935,1935/36,Amery
Amery,Charlie,Charlie Amery,1936,1936/37,Amery
Amery,Charlie,Charlie Amery,1937,1937/38,Amery
Anders,Jimmy,Jimmy Anders,1961,1961/62,Anders
Anderson,Doug,Doug Anderson,1984,1984/85,Anderson
Anderson,Doug,Doug Anderson,1985,1985/86,Anderson
Anderson,Doug,Doug Anderson,1986,1986/87,Anderson
Anderson,Ted,Ted Anderson,1937,1937/38,Anderson
Anderson,Ted,Ted Anderson,1938,1938/39,Anderson
Anderson,Ted,Ted Anderson,1945,1945/46,Anderson
Anderson,Ted,Ted Anderson,1946,1946/47,Anderson
Anderson,Ted,Ted Anderson,1947,1947/48,Anderson
Arnell,Alan,Alan Arnell,1960,1960/61,Arnell
Arnell,Alan,Alan Arnell,1961,1961/62,Arnell
Arnell,Alan,Alan Arnell,1962,1962/63,Arnell
Ashcroft,Billy,Billy Ashcroft,1985,1985/86,Ashcroft
Ashcroft,Llew,Llew Ashcroft,1945,1945/46,Ashcroft
Ashcroft,Llew,Llew Ashcroft,1946,1946/47,Ashcroft
Ashworth,Barry,Barry Ashworth,1966,1966/67,Ashworth
Aspinall,John,John Aspinall,1982,1982/83,Aspinall
Aspinall,John,John Aspinall,1983,1983/84,Aspinall
Aspinall,John,John Aspinall,1984,1984/85,Aspinall
Aspinall,John,John Aspinall,1987,1987/88,Aspinall
Atkinson,Harold,Harold Atkinson,1945,1945/46,Atkinson
Atkinson,Harold,Harold Atkinson,1946,1946/47,Atkinson
Atkinson,Harold,Harold Atkinson,1947,1947/48,Atkinson
Atkinson,Harold,Harold Atkinson,1948,1948/49,Atkinson
Atkinson,Harold,Harold Atkinson,1949,1949/50,Atkinson
Atkinson,Harold,Harold Atkinson,1950,1950/51,Atkinson
Atkinson,Harold,Harold Atkinson,1951,1951/52,Atkinson
Atkinson,Harold,Harold Atkinson,1952,1952/53,Atkinson
Atkinson,Harold,Harold Atkinson,1953,1953/54,Atkinson
Atkinson,Harold,Harold Atkinson,1954,1954/55,Atkinson
Bainbridge,Bill,Bill Bainbridge,1948,1948/49,Bainbridge
Bainbridge,Bill,Bill Bainbridge,1949,1949/50,Bainbridge
Bainbridge,Bill,Bill Bainbridge,1950,1950/51,Bainbridge
Bainbridge,Bill,Bill Bainbridge,1951,1951/52,Bainbridge
Bainbridge,Bill,Bill Bainbridge,1952,1952/53,Bainbridge
Bainbridge,Bill,Bill Bainbridge,1953,1953/54,Bainbridge
Baker,Horace,Horace Baker,1934,1934/35,Baker
Baker,Horace,Horace Baker,1935,1935/36,Baker
Baldwin,Edmund,Edmund Baldwin,1921,1921/22,Baldwin
Bamber,Jack,Jack Bamber,1927,1927/28,Bamber
Bamber,Jack,Jack Bamber,1928,1928/29,Bamber
Bamber,Jack,Jack Bamber,1929,1929/30,Bamber
Barnett,Graham,Graham Barnett,1959,1959/60,Barnett
Barnett,Graham,Graham Barnett,1960,1960/61,Barnett
Barrett,Arthur,Arthur Barrett,1946,1946/47,Barrett
Barrie,John,John Barrie,1948,1948/49,Barrie
Barrie,John,John Barrie,1949,1949/50,Barrie
Barrie,John,John Barrie,1950,1950/51,Barrie
Barton,Teddy,Teddy Barton,1925,1925/26,Barton
Barton,Teddy,Teddy Barton,1926,1926/27,Barton
Barton,Teddy,Teddy Barton,1927,1927/28,Barton
Barton,Teddy,Teddy Barton,1928,1928/29,Barton
Barton,Teddy,Teddy Barton,1929,1929/30,Barton
Barton,Teddy,Teddy Barton,1930,1930/31,Barton
Barton,Teddy,Teddy Barton,1931,1931/32,Barton
Barton,Teddy,Teddy Barton,1932,1932/33,Barton
Barton,Teddy,Teddy Barton,1933,1933/34,Barton
Barton,Teddy,Teddy Barton,1934,1934/35,Barton
Bauress,Gary,Gary Bauress,1989,1989/90,Bauress
Bavin,John,John Bavin,1948,1948/49,Bavin
Beamish,Kenny,Kenny Beamish,1965,1965/66,Beamish
Beamish,Kenny,Kenny Beamish,1966,1966/67,Beamish
Beamish,Kenny,Kenny Beamish,1967,1967/68,Beamish
Beamish,Kenny,Kenny Beamish,1968,1968/69,Beamish
Beamish,Kenny,Kenny Beamish,1969,1969/70,Beamish
Beamish,Kenny,Kenny Beamish,1970,1970/71,Beamish
Beamish,Kenny,Kenny Beamish,1971,1971/72,Beamish
Beamish,Kenny,Kenny Beamish,1979,1979/80,Beamish
Beamish,Kenny,Kenny Beamish,1980,1980/81,Beamish
Bedford,Fred,Fred Bedford,1927,1927/28,Bedford
Bell,Bunny,Bunny Bell,1930,1930/31,Bell
Bell,Bunny,Bunny Bell,1931,1931/32,Bell
Bell,Bunny,Bunny Bell,1932,1932/33,Bell
Bell,Bunny,Bunny Bell,1933,1933/34,Bell
Bell,Bunny,Bunny Bell,1934,1934/35,Bell
Bell,Bunny,Bunny Bell,1935,1935/36,Bell
Bell,Graham,Graham Bell,1986,1986/87,Bell
Bell,Harold,Harold Bell,1945,1945/46,Bell
Bell,Harold,Harold Bell,1946,1946/47,Bell
Bell,Harold,Harold Bell,1947,1947/48,Bell
Bell,Harold,Harold Bell,1948,1948/49,Bell
Bell,Harold,Harold Bell,1949,1949/50,Bell
Bell,Harold,Harold Bell,1950,1950/51,Bell
Bell,Harold,Harold Bell,1951,1951/52,Bell
Bell,Harold,Harold Bell,1952,1952/53,Bell
Bell,Harold,Harold Bell,1953,1953/54,Bell
Bell,Harold,Harold Bell,1954,1954/55,Bell
Bell,Harold,Harold Bell,1955,1955/56,Bell
Bell,Harold,Harold Bell,1956,1956/57,Bell
Bell,Harold,Harold Bell,1957,1957/58,Bell
Bell,Harold,Harold Bell,1958,1958/59,Bell
Bell,Harold,Harold Bell,1959,1959/60,Bell
Bennett,Gary,Gary Bennett,1995,1995/96,Bennett
Best,John,John Best,1960,1960/61,Best
Beswick,Sammy,Sammy Beswick,1922,1922/23,Beswick
Beswick,Sammy,Sammy Beswick,1923,1923/24,Beswick
Beswick,Sammy,Sammy Beswick,1924,1924/25,Beswick
Beswick,Sammy,Sammy Beswick,1925,1925/26,Beswick
Beswick,Sammy,Sammy Beswick,1926,1926/27,Beswick
Beswick,Sammy,Sammy Beswick,1927,1927/28,Beswick
Beswick,Sammy,Sammy Beswick,1928,1928/29,Beswick
Bevan,Harry,Harry Bevan,1927,1927/28,Bevan
Billington,Stan,Stan Billington,1960,1960/61,Billington
Billington,Stan,Stan Billington,1961,1961/62,Billington
Billington,Stan,Stan Billington,1962,1962/63,Billington
Billington,Stan,Stan Billington,1963,1963/64,Billington
Birmingham,Charles,Charles Birmingham,1946,1946/47,Birmingham
Birtles,Danny,Danny Birtles,1924,1924/25,Birtles
Bishop,Eddie,Eddie Bishop,1987,1987/88,Bishop
Bishop,Eddie,Eddie Bishop,1988,1988/89,Bishop
Bishop,Eddie,Eddie Bishop,1989,1989/90,Bishop
Bishop,Eddie,Eddie Bishop,1990,1990/91,Bishop
Blundell,Alan,Alan Blundell,1965,1965/66,Blundell
Blundell,Alan,Alan Blundell,1966,1966/67,Blundell
Bonetti,Ivano,Ivano Bonetti,1996,1996/97,Bonetti
Bowen,William,William Bowen,1929,1929/30,Bowen
Bracewell,Ken,Ken Bracewell,1959,1959/60,Bracewell
Bracewell,Ken,Ken Bracewell,1960,1960/61,Bracewell
Bradshaw,George,George Bradshaw,1935,1935/36,Bradshaw
Bradshaw,Harry,Harry Bradshaw,1921,1921/22,Bradshaw
Bradshaw,Harry,Harry Bradshaw,1922,1922/23,Bradshaw
Bramhall,John,John Bramhall,1976,1976/77,Bramhall
Bramhall,John,John Bramhall,1977,1977/78,Bramhall
Bramhall,John,John Bramhall,1978,1978/79,Bramhall
Bramhall,John,John Bramhall,1979,1979/80,Bramhall
Bramhall,John,John Bramhall,1980,1980/81,Bramhall
Bramhall,John,John Bramhall,1981,1981/82,Bramhall
Branch,Graham,Graham Branch,1991,1991/92,Branch
Branch,Graham,Graham Branch,1992,1992/93,Branch
Branch,Graham,Graham Branch,1993,1993/94,Branch
Branch,Graham,Graham Branch,1994,1994/95,Branch
Branch,Graham,Graham Branch,1995,1995/96,Branch
Branch,Graham,Graham Branch,1996,1996/97,Branch
Brannan,Ged,Ged Brannan,1990,1990/91,Brannan
Brannan,Ged,Ged Brannan,1991,1991/92,Brannan
Brannan,Ged,Ged Brannan,1992,1992/93,Brannan
Brannan,Ged,Ged Brannan,1993,1993/94,Brannan
Brannan,Ged,Ged Brannan,1994,1994/95,Brannan
Brannan,Ged,Ged Brannan,1995,1995/96,Brannan
Brannan,Ged,Ged Brannan,1996,1996/97,Brannan
Brennan,Mike,Mike Brennan,1962,1962/63,Brennan
Bridges,Harold,Harold Bridges,1945,1945/46,Bridges
Bridges,Harold,Harold Bridges,1946,1946/47,Bridges
Bridges,Harold,Harold Bridges,1947,1947/48,Bridges
Briggs,Arthur,Arthur Briggs,1924,1924/25,Briggs
Briggs,Arthur,Arthur Briggs,1925,1925/26,Briggs
Briggs,Arthur,Arthur Briggs,1926,1926/27,Briggs
Briggs,Arthur,Arthur Briggs,1927,1927/28,Briggs
Briggs,Arthur,Arthur Briggs,1928,1928/29,Briggs
Briggs,Arthur,Arthur Briggs,1929,1929/30,Briggs
Briggs,Arthur,Arthur Briggs,1930,1930/31,Briggs
Briggs,Arthur,Arthur Briggs,1931,1931/32,Briggs
Brodie,Eric,Eric Brodie,1969,1969/70,Brodie
Brodie,Eric,Eric Brodie,1970,1970/71,Brodie
Brodie,Eric,Eric Brodie,1971,1971/72,Brodie
Brown,Andy,Andy Brown,1982,1982/83,Brown A
Brown,Dave,Dave Brown,1982,1982/83,Brown D
Brown,Jack,Jack Brown,1923,1923/24,Brown
Brown,Jack,Jack Brown,1924,1924/25,Brown
Brown,Jock,Jock Brown,1960,1960/61,Brown
Brown,Jock,Jock Brown,1961,1961/62,Brown
Brown,Owen,Owen Brown,1981,1981/82,Brown O
Brown,Owen,Owen Brown,1982,1982/83,Brown O
Brown,Owen,Owen Brown,1983,1983/84,Brown O
Brown,Samuel,Samuel Brown,1933,1933/34,Brown
Brown,Samuel,Samuel Brown,1934,1934/35,Brown
Buchan,Tom,Tom Buchan,1923,1923/24,Buchan
Buckley,Ted,Ted Buckley,1937,1937/38,Buckley
Buckley,Ted,Ted Buckley,1938,1938/39,Buckley
Bullock,Steve,Steve Bullock,1986,1986/87,Bullock
Bullough,Denis,Denis Bullough,1921,1921/22,Bullough
Burgess,David,David Burgess,1981,1981/82,Burgess
Burgess,David,David Burgess,1982,1982/83,Burgess
Burgess,David,David Burgess,1983,1983/84,Burgess
Burgess,David,David Burgess,1984,1984/85,Burgess
Burgess,David,David Burgess,1985,1985/86,Burgess
Burgin,Meynell,Meynell Burgin,1934,1934/35,Burgin
Burke,Marshall,Marshall Burke,1984,1984/85,Burke
Burns,Kinear,Kinear Burns,1946,1946/47,Burns
Burrows,Wilf,Wilf Burrows,1926,1926/27,Burrows
Burrows,Wilf,Wilf Burrows,1927,1927/28,Burrows
Burrows,Wilf,Wilf Burrows,1928,1928/29,Burrows
Burrows,Wilf,Wilf Burrows,1929,1929/30,Burrows
Burrows,Wilf,Wilf Burrows,1930,1930/31,Burrows
Butler,Charles,Charles Butler,1936,1936/37,Butler
Byrne,John,John Byrne,1961,1961/62,Byrne
Byrne,John,John Byrne,1968,1968/69,Byrne
Byrom,Tom,Tom Byrom,1946,1946/47,Byrom
Cahill,Paul,Paul Cahill,1978,1978/79,Cahill
Camden,Chris,Chris Camden,1986,1986/87,Camden
Campbell,Johnny,Johnny Campbell,1921,1921/22,Campbell
Campbell,Johnny,Johnny Campbell,1922,1922/23,Campbell
Campbell,Johnny,Johnny Campbell,1923,1923/24,Campbell
Campbell,Johnny,Johnny Campbell,1924,1924/25,Campbell
Campbell,Johnny,Johnny Campbell,1925,1925/26,Campbell
Campbell,Johnny,Johnny Campbell,1926,1926/27,Campbell
Campbell,Johnny,Johnny Campbell,1927,1927/28,Campbell
Campbell,Johnny,Johnny Campbell,1928,1928/29,Campbell
Campbell,Johnny,Johnny Campbell,1929,1929/30,Campbell
Campbell,Les,Les Campbell,1961,1961/62,Campbell L
Campbell,Les,Les Campbell,1962,1962/63,Campbell
Campbell,Les,Les Campbell,1963,1963/64,Campbell
Campbell,Tommy,Tommy Campbell,1961,1961/62,Campbell T
Carlson,George,George Carlson,1947,1947/48,Carlson
Carlson,George,George Carlson,1948,1948/49,Carlson
Carmody,Mike,Mike Carmody,1986,1986/87,Carmody
Carter,Joseph,Joseph Carter,1936,1936/37,Carter
Cartman,Bert,Bert Cartman,1923,1923/24,Cartman
Cartman,Bert,Bert Cartman,1924,1924/25,Cartman
Cartman,Bert,Bert Cartman,1925,1925/26,Cartman
Cartman,Bert,Bert Cartman,1926,1926/27,Cartman
Cartman,Bert,Bert Cartman,1927,1927/28,Cartman
Cartman,Bert,Bert Cartman,1928,1928/29,Cartman
Cartman,Bert,Bert Cartman,1929,1929/30,Cartman
Cartwright,William,William Cartwright,1946,1946/47,Cartwright
Cartwright,William,William Cartwright,1947,1947/48,Cartwright
Carvell,Arthur,Arthur Carvell,1932,1932/33,Carvell
Casey,Gerry,Gerry Casey,1967,1967/68,Casey
Casey,Gerry,Gerry Casey,1968,1968/69,Casey
Casey,Gerry,Gerry Casey,1969,1969/70,Casey
Cassidy,James,James Cassidy,1937,1937/38,Cassidy
Cassidy,James,James Cassidy,1938,1938/39,Cassidy
Chadwick,Harold,Harold Chadwick,1947,1947/48,Chadwick
Chadwick,Harold,Harold Chadwick,1948,1948/49,Chadwick
Challinor,Dave,Dave Challinor,1996,1996/97,Challinor
Chalmers,Billy,Billy Chalmers,1925,1925/26,Chalmers
Chamberlain,Alec,Alec Chamberlain,1987,1987/88,Chamberlain
Charlton,Billy,Billy Charlton,1925,1925/26,Charlton
Charlton,Billy,Billy Charlton,1926,1926/27,Charlton
Charlton,Billy,Billy Charlton,1927,1927/28,Charlton
Charlton,Billy,Billy Charlton,1928,1928/29,Charlton
Charlton,Billy,Billy Charlton,1929,1929/30,Charlton
Charlton,Wilf,Wilf Charlton,1957,1957/58,Charlton
Charlton,Wilf,Wilf Charlton,1958,1958/59,Charlton
Charlton,Wilf,Wilf Charlton,1959,1959/60,Charlton
Charlton,Wilf,Wilf Charlton,1960,1960/61,Charlton
Checkland,Frank,Frank Checkland,1923,1923/24,Checkland
Checkland,Frank,Frank Checkland,1924,1924/25,Checkland
Chiverton,Ted,Ted Chiverton,1932,1932/33,Chiverton
Chiverton,Ted,Ted Chiverton,1933,1933/34,Chiverton
Chiverton,Ted,Ted Chiverton,1934,1934/35,Chiverton
Clark,Archie,Archie Clark,1935,1935/36,Clark
Clark,Archie,Archie Clark,1936,1936/37,Clark
Clark,Archie,Archie Clark,1937,1937/38,Clark
Clark,Archie,Archie Clark,1938,1938/39,Clark
Clarke,Colin,Colin Clarke,1984,1984/85,Clarke
Clayton,Gordon,Gordon Clayton,1959,1959/60,Clayton
Clayton,Gordon,Gordon Clayton,1960,1960/61,Clayton
Clayton,John,John Clayton,1984,1984/85,Clayton
Clayton,John,John Clayton,1985,1985/86,Clayton
Cliff,Eddie,Eddie Cliff,1976,1976/77,Cliff
Cliff,Eddie,Eddie Cliff,1977,1977/78,Cliff
Cliff,Eddie,Eddie Cliff,1978,1978/79,Cliff
Clinton,Tommy,Tommy Clinton,1956,1956/57,Clinton
Coleman,Tony,Tony Coleman,1962,1962/63,Coleman
Coleman,Tony,Tony Coleman,1963,1963/64,Coleman
Collings,Paul,Paul Collings,1988,1988/89,Collings
Collings,Paul,Paul Collings,1989,1989/90,Collings
Collings,Paul,Paul Collings,1990,1990/91,Collings
Collings,Paul,Paul Collings,1991,1991/92,Collings
Conner,Bill,Bill Conner,1930,1930/31,Conner
Conner,Dick,Dick Conner,1961,1961/62,Conner
Connor,John,John Connor,1947,1947/48,Connor
Connor,John,John Connor,1948,1948/49,Connor
Conroy,Bobby,Bobby Conroy,1962,1962/63,Conroy
Conroy,Bobby,Bobby Conroy,1963,1963/64,Conroy
Conroy,Bobby,Bobby Conroy,1964,1964/65,Conroy
Cook,Fred,Fred Cook,1921,1921/22,Cook
Cook,Fred,Fred Cook,1922,1922/23,Cook
Cook,George,George Cook,1931,1931/32,Cook
Cook,Paul,Paul Cook,1995,1995/96,Cook
Cook,Paul,Paul Cook,1996,1996/97,Cook
Cooper,Steve,Steve Cooper,1990,1990/91,Cooper
Cooper,Steve,Steve Cooper,1991,1991/92,Cooper
Cooper,Steve,Steve Cooper,1992,1992/93,Cooper
Coppell,Steve,Steve Coppell,1973,1973/74,Coppell
Coppell,Steve,Steve Coppell,1974,1974/75,Coppell
Cox,Alan,Alan Cox,1946,1946/47,Cox
Cox,Alan,Alan Cox,1947,1947/48,Cox
Coyne,Danny,Danny Coyne,1992,1992/93,Coyne D
Coyne,Danny,Danny Coyne,1993,1993/94,Coyne D
Coyne,Danny,Danny Coyne,1994,1994/95,Coyne
Coyne,Danny,Danny Coyne,1995,1995/96,Coyne
Coyne,Danny,Danny Coyne,1996,1996/97,Coyne
Coyne,John,John Coyne,1971,1971/72,Coyne
Coyne,Tommy,Tommy Coyne,1992,1992/93,Coyne T
Craven,Steve,Steve Craven,1977,1977/78,Craven
Craven,Steve,Steve Craven,1978,1978/79,Craven
Craven,Steve,Steve Craven,1979,1979/80,Craven
Craven,Steve,Steve Craven,1980,1980/81,Craven
Craven,Steve,Steve Craven,1981,1981/82,Craven
Craven,Steve,Steve Craven,1987,1987/88,Craven
Crawford,Bruce,Bruce Crawford,1965,1965/66,Crawford
Crawford,Bruce,Bruce Crawford,1966,1966/67,Crawford
Crewe,Billy,Billy Crewe,1924,1924/25,Crewe
Crompton,Arthur,Arthur Crompton,1935,1935/36,Crompton
Cropper,Reg,Reg Cropper,1929,1929/30,Cropper
Crossan,Eddie,Eddie Crossan,1957,1957/58,Crossan
Crossley,Paul,Paul Crossley,1969,1969/70,Crossley
Crossley,Paul,Paul Crossley,1970,1970/71,Crossley
Crossley,Paul,Paul Crossley,1971,1971/72,Crossley
Crossley,Paul,Paul Crossley,1972,1972/73,Crossley
Crossley,Paul,Paul Crossley,1973,1973/74,Crossley
Crossley,Paul,Paul Crossley,1974,1974/75,Crossley
Crossley,Paul,Paul Crossley,1975,1975/76,Crossley
Crowther,George,George Crowther,1922,1922/23,Crowther
Crutchley,Vic,Vic Crutchley,1930,1930/31,Crutchley
Cumbes,Jim,Jim Cumbes,1966,1966/67,Cumbes
Cumbes,Jim,Jim Cumbes,1967,1967/68,Cumbes
Cumbes,Jim,Jim Cumbes,1968,1968/69,Cumbes
Cumbes,Jim,Jim Cumbes,1969,1969/70,Cumbes
Cunningham,Charlie,Charlie Cunningham,1921,1921/22,Cunningham
Curnow,Jack,Jack Curnow,1937,1937/38,Curnow
Curnow,Jack,Jack Curnow,1938,1938/39,Curnow
Curran,Frank,Frank Curran,1947,1947/48,Curran
Curtis,Charlie,Charlie Curtis,1934,1934/35,Curtis
Curtis,Charlie,Charlie Curtis,1935,1935/36,Curtis
D'Arcy,Frank,Frank D'Arcy,1972,1972/73,D'Arcy
Dale,Dickie,Dickie Dale,1931,1931/32,Dale
Dalton,Tim,Tim Dalton,1986,1986/87,Dalton
Davies,Dai,Dai Davies,1983,1983/84,Davies
Davies,Ernie,Ernie Davies,1936,1936/37,Davies
Davies,Ernie,Ernie Davies,1937,1937/38,Davies
Davies,Ernie,Ernie Davies,1938,1938/39,Davies
Davies,Keith,Keith Davies,1953,1953/54,Davies K
Davies,Ray,Ray Davies,1951,1951/52,Davies
Davies,Ray,Ray Davies,1952,1952/53,Davies
Davies,Ray,Ray Davies,1953,1953/54,Davies R
Davies,Ray,Ray Davies,1954,1954/55,Davies
Davies,Ray,Ray Davies,1955,1955/56,Davies
Davies,Ray,Ray Davies,1956,1956/57,Davies
Davies,Ray,Ray Davies,1957,1957/58,Davies
Davis,Samuel,Samuel Davis,1925,1925/26,Davis
Davis,Thomas,Thomas Davis,1937,1937/38,Davis
Dawson,Frank,Frank Dawson,1933,1933/34,Dawson
Dawson,Frank,Frank Dawson,1934,1934/35,Dawson
Dawson,Frank,Frank Dawson,1935,1935/36,Dawson
Day,Alf,Alf Day,1938,1938/39,Day
Dean,Dixie,Dixie Dean,1923,1923/24,Dean
Dean,Dixie,Dixie Dean,1924,1924/25,Dean
Dellow,Ronnie,Ronnie Dellow,1935,1935/36,Dellow
Dellow,Ronnie,Ronnie Dellow,1936,1936/37,Dellow
Dellow,Ronnie,Ronnie Dellow,1937,1937/38,Dellow
Dellow,Ronnie,Ronnie Dellow,1938,1938/39,Dellow
Demaine,Dave,Dave Demaine,1961,1961/62,Demaine
Dempsey,John,John Dempsey,1967,1967/68,Dempsey
Dempsey,John,John Dempsey,1968,1968/69,Dempsey
Dempsey,John,John Dempsey,1969,1969/70,Dempsey
Dempsey,John,John Dempsey,1970,1970/71,Dempsey
Dempsey,John,John Dempsey,1971,1971/72,Dempsey
Dillon,Vince,Vince Dillon,1950,1950/51,Dillon
Dillon,Vince,Vince Dillon,1951,1951/52,Dillon
Dillon,Vince,Vince Dillon,1952,1952/53,Dillon
Dixon,Ernie,Ernie Dixon,1930,1930/31,Dixon
Dixon,Ernie,Ernie Dixon,1931,1931/32,Dixon
Dixon,Ernie,Ernie Dixon,1932,1932/33,Dixon
Docking,Stan,Stan Docking,1938,1938/39,Docking
Dodd,Ernie,Ernie Dodd,1933,1933/34,Dodd
Dodd,Ernie,Ernie Dodd,1934,1934/35,Dodd
Dodd,Ernie,Ernie Dodd,1935,1935/36,Dodd
Dodd,Ernie,Ernie Dodd,1936,1936/37,Dodd
Dodd,Jim,Jim Dodd,1956,1956/57,Dodd
Dodd,Jim,Jim Dodd,1957,1957/58,Dodd
Dodd,Jim,Jim Dodd,1958,1958/59,Dodd
Dodd,Jim,Jim Dodd,1959,1959/60,Dodd
Done,Cyril,Cyril Done,1952,1952/53,Done
Done,Cyril,Cyril Done,1953,1953/54,Done
Done,Cyril,Cyril Done,1954,1954/55,Done
Doonan,Tom,Tom Doonan,1950,1950/51,Doonan
Duff,Stanley,Stanley Duff,1937,1937/38,Duff
Duffy,Alan,Alan Duffy,1971,1971/72,Duffy
Duffy,Alan,Alan Duffy,1972,1972/73,Duffy
Dyson,Barry,Barry Dyson,1962,1962/63,Dyson
Dyson,Barry,Barry Dyson,1963,1963/64,Dyson
Dyson,Barry,Barry Dyson,1964,1964/65,Dyson
Dyson,Barry,Barry Dyson,1965,1965/66,Dyson
Dyson,Barry,Barry Dyson,1966,1966/67,Dyson
Eastham,Harry,Harry Eastham,1948,1948/49,Eastham
Eastham,Harry,Harry Eastham,1949,1949/50,Eastham
Eastham,Harry,Harry Eastham,1950,1950/51,Eastham
Eastham,Harry,Harry Eastham,1951,1951/52,Eastham
Eastham,Harry,Harry Eastham,1952,1952/53,Eastham
Eaton,Steve,Steve Eaton,1978,1978/79,Eaton
Eden,Billy,Billy Eden,1934,1934/35,Eden
Eden,Billy,Billy Eden,1935,1935/36,Eden
Eden,Billy,Billy Eden,1936,1936/37,Eden
Eden,Billy,Billy Eden,1937,1937/38,Eden
Eden,Billy,Billy Eden,1938,1938/39,Eden
Edwards,Elfyn,Elfyn Edwards,1979,1979/80,Edwards
Edwards,Elfyn,Elfyn Edwards,1980,1980/81,Edwards
Edwards,Malcolm,Malcolm Edwards,1962,1962/63,Edwards
Edwards,Malcolm,Malcolm Edwards,1963,1963/64,Edwards
Edwards,Mike,Mike Edwards,1994,1994/95,Edwards
Edwards,Steve,Steve Edwards,1984,1984/85,Edwards
Edwards,Steve,Steve Edwards,1985,1985/86,Edwards
Edwards,Steve,Steve Edwards,1986,1986/87,Edwards
Edwards,William,William Edwards,1936,1936/37,Edwards
Eglington,Tommy,Tommy Eglington,1957,1957/58,Eglington
Eglington,Tommy,Tommy Eglington,1958,1958/59,Eglington
Eglington,Tommy,Tommy Eglington,1959,1959/60,Eglington
Eglington,Tommy,Tommy Eglington,1960,1960/61,Eglington
Ellison,Norman,Norman Ellison,1949,1949/50,Ellison
Ellison,Norman,Norman Ellison,1950,1950/51,Ellison
Endersby,Scott,Scott Endersby,1981,1981/82,Endersby
Endersby,Scott,Scott Endersby,1982,1982/83,Endersby
Evans,Bernard,Bernard Evans,1963,1963/64,Evans
Evans,Clive,Clive Evans,1976,1976/77,Evans
Evans,Clive,Clive Evans,1977,1977/78,Evans
Evans,Clive,Clive Evans,1978,1978/79,Evans
Evans,Clive,Clive Evans,1979,1979/80,Evans
Evans,Clive,Clive Evans,1980,1980/81,Evans
Evans,Dennis,Dennis Evans,1958,1958/59,Evans
Evans,Dennis,Dennis Evans,1959,1959/60,Evans
Evans,Herbie,Herbie Evans,1926,1926/27,Evans
Evans,Herbie,Herbie Evans,1927,1927/28,Evans
Evans,Jabez,Jabez Evans,1922,1922/23,Evans
Evans,Jabez,Jabez Evans,1923,1923/24,Evans
Evans,Jabez,Jabez Evans,1924,1924/25,Evans J
Fagan,Kit,Kit Fagan,1971,1971/72,Fagan
Fagan,Kit,Kit Fagan,1972,1972/73,Fagan
Fagan,Kit,Kit Fagan,1973,1973/74,Fagan
Fagan,Kit,Kit Fagan,1974,1974/75,Fagan
Fairclough,David,David Fairclough,1989,1989/90,Fairclough
Fairclough,Peter,Peter Fairclough,1921,1921/22,Fairclough
Fairhurst,Dick,Dick Fairhurst,1935,1935/36,Fairhurst
Fairhurst,Dick,Dick Fairhurst,1936,1936/37,Fairhurst
Farnworth,Simon,Simon Farnworth,1986,1986/87,Farnworth
Farrell,Peter,Peter Farrell,1957,1957/58,Farrell
Farrell,Peter,Peter Farrell,1958,1958/59,Farrell
Farrell,Peter,Peter Farrell,1959,1959/60,Farrell
Farrimond,Syd,Syd Farrimond,1970,1970/71,Farrimond
Farrimond,Syd,Syd Farrimond,1971,1971/72,Farrimond
Farrimond,Syd,Syd Farrimond,1972,1972/73,Farrimond
Farrimond,Syd,Syd Farrimond,1973,1973/74,Farrimond
Ferguson,Mark,Mark Ferguson,1981,1981/82,Ferguson
Ferguson,Mark,Mark Ferguson,1982,1982/83,Ferguson
Ferguson,Mark,Mark Ferguson,1983,1983/84,Ferguson
Ferguson,Mark,Mark Ferguson,1984,1984/85,Ferguson
Finlay,Pat,Pat Finlay,1961,1961/62,Finlay
Finney,Ken,Ken Finney,1957,1957/58,Finney
Finney,Ken,Ken Finney,1958,1958/59,Finney
Finney,Ken,Ken Finney,1959,1959/60,Finney
Finney,Ken,Ken Finney,1960,1960/61,Finney
Finney,Ken,Ken Finney,1961,1961/62,Finney
Finney,Ken,Ken Finney,1962,1962/63,Finney
Fishwick,Bert,Bert Fishwick,1930,1930/31,Fishwick
Fishwick,Bert,Bert Fishwick,1931,1931/32,Fishwick
Fishwick,Bert,Bert Fishwick,1932,1932/33,Fishwick
Fishwick,Bert,Bert Fishwick,1933,1933/34,Fishwick
Flanagan,Jack,Jack Flanagan,1926,1926/27,Flanagan
Flanagan,Jack,Jack Flanagan,1927,1927/28,Flanagan
Flanagan,Jack,Jack Flanagan,1928,1928/29,Flanagan
Fleming,Mike,Mike Fleming,1953,1953/54,Fleming
Fleming,Mike,Mike Fleming,1954,1954/55,Fleming
Fleming,Mike,Mike Fleming,1955,1955/56,Fleming
Fleming,Mike,Mike Fleming,1956,1956/57,Fleming
Fleming,Mike,Mike Fleming,1957,1957/58,Fleming
Flood,Eddie,Eddie Flood,1972,1972/73,Flood
Flood,Eddie,Eddie Flood,1973,1973/74,Flood
Flood,Eddie,Eddie Flood,1974,1974/75,Flood
Flood,Eddie,Eddie Flood,1975,1975/76,Flood
Flood,Eddie,Eddie Flood,1976,1976/77,Flood
Flood,Eddie,Eddie Flood,1977,1977/78,Flood
Flood,Eddie,Eddie Flood,1978,1978/79,Flood
Flood,Eddie,Eddie Flood,1979,1979/80,Flood
Flood,Eddie,Eddie Flood,1980,1980/81,Flood
Flowers,George,George Flowers,1937,1937/38,Flowers
Flowers,George,George Flowers,1938,1938/39,Flowers
Fogg,Billy,Billy Fogg,1924,1924/25,Fogg
Fogg,Billy,Billy Fogg,1925,1925/26,Fogg
Ford,John,John Ford,1921,1921/22,Ford
Forshaw,Allen,Allen Forshaw,1921,1921/22,Forshaw
Forshaw,Arthur,Arthur Forshaw,1932,1932/33,Forshaw
Foster,William,William Foster,1936,1936/37,Foster
Fraser,Nathan,Nathan Fraser,1938,1938/39,Fraser
Frith,David,David Frith,1958,1958/59,Frith
Frith,David,David Frith,1959,1959/60,Frith
Frith,David,David Frith,1960,1960/61,Frith
Frith,David,David Frith,1961,1961/62,Frith
Frith,David,David Frith,1962,1962/63,Frith
Frost,Winston,Winston Frost,1936,1936/37,Frost
Frye,John,John Frye,1961,1961/62,Frye
Fulton,David,David Fulton,1921,1921/22,Fulton
Garnett,Shaun,Shaun Garnett,1987,1987/88,Garnett
Garnett,Shaun,Shaun Garnett,1988,1988/89,Garnett
Garnett,Shaun,Shaun Garnett,1989,1989/90,Garnett
Garnett,Shaun,Shaun Garnett,1990,1990/91,Garnett
Garnett,Shaun,Shaun Garnett,1991,1991/92,Garnett
Garnett,Shaun,Shaun Garnett,1992,1992/93,Garnett
Garnett,Shaun,Shaun Garnett,1993,1993/94,Garnett
Garnett,Shaun,Shaun Garnett,1994,1994/95,Garnett
Garnett,Shaun,Shaun Garnett,1995,1995/96,Garnett
Gaskell,Alec,Alec Gaskell,1957,1957/58,Gaskell
Gibson,William,William Gibson,1951,1951/52,Gibson
Gibson,William,William Gibson,1952,1952/53,Gibson
Gibson,William,William Gibson,1953,1953/54,Gibson
Gill,Francis,Francis Gill,1922,1922/23,Gill
Gill,Frank,Frank Gill,1968,1968/69,Gill
Gill,Frank,Frank Gill,1969,1969/70,Gill
Gill,Frank,Frank Gill,1970,1970/71,Gill
Glasper,William,William Glasper,1933,1933/34,Glasper
Glasper,William,William Glasper,1934,1934/35,Glasper
Glennon,Chris,Chris Glennon,1970,1970/71,Glennon
Godwin,Verdi,Verdi Godwin,1956,1956/57,Godwin
Good,John,John Good,1955,1955/56,Good
Goodlass,Ronnie,Ronnie Goodlass,1983,1983/84,Goodlass
Goodlass,Ronnie,Ronnie Goodlass,1984,1984/85,Goodlass
Gorton,Andy,Andy Gorton,1987,1987/88,Gorton
Gould,Harry,Harry Gould,1946,1946/47,Gould
Gould,Harry,Harry Gould,1947,1947/48,Gould
Gould,Harry,Harry Gould,1948,1948/49,Gould
Graham,Bobby,Bobby Graham,1972,1972/73,Graham
Grainger,John,John Grainger,1921,1921/22,Grainger
Gray,Albert,Albert Gray,1931,1931/32,Gray
Gray,Albert,Albert Gray,1932,1932/33,Gray
Gray,Albert,Albert Gray,1933,1933/34,Gray
Gray,Albert,Albert Gray,1934,1934/35,Gray
Gray,Albert,Albert Gray,1935,1935/36,Gray
Gray,Robert,Robert Gray,1927,1927/28,Gray
Gray,Robert,Robert Gray,1928,1928/29,Gray
Green,Johnny,Johnny Green,1958,1958/59,Green
Greenwood,Roy,Roy Greenwood,1983,1983/84,Greenwood
Grierson,Darrell,Darrell Grierson,1986,1986/87,Grierson
Griffiths,Clive,Clive Griffiths,1975,1975/76,Griffiths
Griffiths,Clive,Clive Griffiths,1976,1976/77,Griffiths
Griffiths,David,David Griffiths,1969,1969/70,Griffiths
Griffiths,Ian,Ian Griffiths,1978,1978/79,Griffiths
Griffiths,Ian,Ian Griffiths,1979,1979/80,Griffiths
Griffiths,Ian,Ian Griffiths,1980,1980/81,Griffiths
Griffiths,Ian,Ian Griffiths,1981,1981/82,Griffiths
Griffiths,Ian,Ian Griffiths,1982,1982/83,Griffiths
Griffiths,John,John Griffiths,1936,1936/37,Griffiths
Griffiths,John,John Griffiths,1937,1937/38,Griffiths
Griffiths,John,John Griffiths,1938,1938/39,Griffiths
Griffiths,Joe,Joe Griffiths,1924,1924/25,Griffiths
Groves,Fred,Fred Groves,1921,1921/22,Groves
Gubbins,Ralph,Ralph Gubbins,1960,1960/61,Gubbins
Gubbins,Ralph,Ralph Gubbins,1961,1961/62,Gubbins
Gubbins,Ralph,Ralph Gubbins,1962,1962/63,Gubbins
Gubbins,Ralph,Ralph Gubbins,1963,1963/64,Gubbins
Gwatkin,Phil,Phil Gwatkin,1956,1956/57,Gwatkin
Hagan,Alf,Alf Hagan,1926,1926/27,Hagan
Hall,Tony,Tony Hall,1987,1987/88,Hall
Halstead,Fred,Fred Halstead,1922,1922/23,Halstead
Halstead,Fred,Fred Halstead,1923,1923/24,Halstead
Halstead,Fred,Fred Halstead,1924,1924/25,Halstead
Hamilton,Bryan,Bryan Hamilton,1980,1980/81,Hamilton
Hamilton,Bryan,Bryan Hamilton,1981,1981/82,Hamilton
Hamilton,Bryan,Bryan Hamilton,1982,1982/83,Hamilton
Hamilton,Bryan,Bryan Hamilton,1983,1983/84,Hamilton
Hamilton,Bryan,Bryan Hamilton,1984,1984/85,Hamilton
Hamilton,Duke,Duke Hamilton,1937,1937/38,Hamilton
Hamilton,Duke,Duke Hamilton,1938,1938/39,Hamilton
Harlock,Des,Des Harlock,1946,1946/47,Harlock
Harlock,Des,Des Harlock,1947,1947/48,Harlock
Harlock,Des,Des Harlock,1948,1948/49,Harlock
Harlock,Des,Des Harlock,1949,1949/50,Harlock
Harlock,Des,Des Harlock,1950,1950/51,Harlock
Harlock,Des,Des Harlock,1951,1951/52,Harlock
Harlock,Des,Des Harlock,1952,1952/53,Harlock
Harlock,Des,Des Harlock,1953,1953/54,Harlock
Harris,Albert,Albert Harris,1957,1957/58,Harris
Harris,Albert,Albert Harris,1958,1958/59,Harris
Harris,Albert,Albert Harris,1959,1959/60,Harris
Harris,Jimmy,Jimmy Harris,1966,1966/67,Harris
Harrop,Bobby,Bobby Harrop,1959,1959/60,Harrop
Harrop,Bobby,Bobby Harrop,1960,1960/61,Harrop
Harvey,Jimmy,Jimmy Harvey,1987,1987/88,Harvey
Harvey,Jimmy,Jimmy Harvey,1988,1988/89,Harvey
Harvey,Jimmy,Jimmy Harvey,1989,1989/90,Harvey
Harvey,Jimmy,Jimmy Harvey,1990,1990/91,Harvey
Harvey,Jimmy,Jimmy Harvey,1991,1991/92,Harvey
Hawarden,Andrew,Andrew Hawarden,1922,1922/23,Hawarden
Hawarden,Andrew,Andrew Hawarden,1923,1923/24,Hawarden
Hay,Alan,Alan Hay,1986,1986/87,Hay
Hayes,Charlie,Charlie Hayes,1921,1921/22,Hayes C
Hayes,Charlie,Charlie Hayes,1922,1922/23,Hayes C
Hayes,Charlie,Charlie Hayes,1923,1923/24,Hayes C
Hayes,Fred,Fred Hayes,1922,1922/23,Hayes F
Hayes,Fred,Fred Hayes,1923,1923/24,Hayes F
Hayes,John,John Hayes,1923,1923/24,Hayes J
Heap,Stuart,Stuart Heap,1984,1984/85,Heap
Heath,John,John Heath,1961,1961/62,Heath
Heath,John,John Heath,1962,1962/63,Heath
Heath,John,John Heath,1963,1963/64,Heath
Heath,Seamus,Seamus Heath,1984,1984/85,Heath
Henshaw,Ernie,Ernie Henshaw,1931,1931/32,Henshaw
Heslop,Tom,Tom Heslop,1921,1921/22,Heslop
Heydon,Jackie,Jackie Heydon,1956,1956/57,Heydon
Heydon,Jackie,Jackie Heydon,1957,1957/58,Heydon
Heydon,Jackie,Jackie Heydon,1958,1958/59,Heydon
Heydon,Jackie,Jackie Heydon,1959,1959/60,Heydon
Heydon,Jackie,Jackie Heydon,1960,1960/61,Heydon
Heywood,Bert,Bert Heywood,1934,1934/35,Heywood
Hickson,Dave,Dave Hickson,1962,1962/63,Hickson
Hickson,Dave,Dave Hickson,1963,1963/64,Hickson
Higgins,Dave,Dave Higgins,1983,1983/84,Higgins
Higgins,Dave,Dave Higgins,1984,1984/85,Higgins
Higgins,Dave,Dave Higgins,1987,1987/88,Higgins
Higgins,Dave,Dave Higgins,1988,1988/89,Higgins
Higgins,Dave,Dave Higgins,1989,1989/90,Higgins
Higgins,Dave,Dave Higgins,1990,1990/91,Higgins
Higgins,Dave,Dave Higgins,1991,1991/92,Higgins
Higgins,Dave,Dave Higgins,1992,1992/93,Higgins
Higgins,Dave,Dave Higgins,1993,1993/94,Higgins
Higgins,Dave,Dave Higgins,1994,1994/95,Higgins
Higgins,Dave,Dave Higgins,1995,1995/96,Higgins
Higgins,Dave,Dave Higgins,1996,1996/97,Higgins
Hilditch,Mark,Mark Hilditch,1983,1983/84,Hilditch
Hilditch,Mark,Mark Hilditch,1984,1984/85,Hilditch
Hilditch,Mark,Mark Hilditch,1985,1985/86,Hilditch
Hill,Alan,Alan Hill,1956,1956/57,Hill
Hill,Mandy,Mandy Hill,1964,1964/65,Hill
Hill,Mandy,Mandy Hill,1965,1965/66,Hill
Hill,Mandy,Mandy Hill,1966,1966/67,Hill
Hill,Mandy,Mandy Hill,1967,1967/68,Hill
Hill,Reginald,Reginald Hill,1932,1932/33,Hill
Hilton,Harold,Harold Hilton,1921,1921/22,Hilton
Hilton,Harold,Harold Hilton,1922,1922/23,Hilton
Hilton,Harold,Harold Hilton,1923,1923/24,Hilton
Hinch,Jimmy,Jimmy Hinch,1969,1969/70,Hinch
Hinch,Jimmy,Jimmy Hinch,1970,1970/71,Hinch
Hodgson,Laurie,Laurie Hodgson,1946,1946/47,Hodgson
Hodgson,Laurie,Laurie Hodgson,1947,1947/48,Hodgson
Hodgson,Laurie,Laurie Hodgson,1948,1948/49,Hodgson
Hodgson,Laurie,Laurie Hodgson,1949,1949/50,Hodgson
Hodgson,Laurie,Laurie Hodgson,1950,1950/51,Hodgson
Holder,Alan,Alan Holder,1956,1956/57,Holder
Hollifield,Mike,Mike Hollifield,1985,1985/86,Hollifield
Hood,Jackie,Jackie Hood,1959,1959/60,Hood
Hopkinson,Samuel,Samuel Hopkinson,1935,1935/36,Hopkinson
Hornby,Eric,Eric Hornby,1945,1945/46,Hornby
Hornby,Eric,Eric Hornby,1946,1946/47,Hornby
Hornby,Eric,Eric Hornby,1947,1947/48,Hornby
Hornby,Eric,Eric Hornby,1948,1948/49,Hornby
Horwood,Neil,Neil Horwood,1986,1986/87,Horwood
Hudson,George,George Hudson,1966,1966/67,Hudson
Hudson,George,George Hudson,1967,1967/68,Hudson
Hudson,George,George Hudson,1968,1968/69,Hudson
Hughes,David,David Hughes,1962,1962/63,Hughes
Hughes,Mark,Mark Hughes,1985,1985/86,Hughes
Hughes,Mark,Mark Hughes,1986,1986/87,Hughes
Hughes,Mark,Mark Hughes,1987,1987/88,Hughes
Hughes,Mark,Mark Hughes,1988,1988/89,Hughes
Hughes,Mark,Mark Hughes,1989,1989/90,Hughes
Hughes,Mark,Mark Hughes,1990,1990/91,Hughes
Hughes,Mark,Mark Hughes,1991,1991/92,Hughes
Hughes,Mark,Mark Hughes,1992,1992/93,Hughes
Hughes,Mark,Mark Hughes,1993,1993/94,Hughes
Hughes,Thomas,Thomas Hughes,1921,1921/22,Hughes
Hunt,Robert,Robert Hunt,1933,1933/34,Hunt
Hutchinson,Bobby,Bobby Hutchinson,1981,1981/82,Hutchinson
Hutchinson,Bobby,Bobby Hutchinson,1982,1982/83,Hutchinson
Hutchinson,Bobby,Bobby Hutchinson,1983,1983/84,Hutchinson
Hyam,James,James Hyam,1921,1921/22,Hyam
Iceton,Lloyd,Lloyd Iceton,1950,1950/51,Iceton
Iceton,Lloyd,Lloyd Iceton,1951,1951/52,Iceton
Iceton,Lloyd,Lloyd Iceton,1952,1952/53,Iceton
Iceton,Lloyd,Lloyd Iceton,1953,1953/54,Iceton
Iceton,Lloyd,Lloyd Iceton,1954,1954/55,Iceton
Imlach,Mike,Mike Imlach,1984,1984/85,Imlach
Irons,Kenny,Kenny Irons,1989,1989/90,Irons
Irons,Kenny,Kenny Irons,1990,1990/91,Irons
Irons,Kenny,Kenny Irons,1991,1991/92,Irons
Irons,Kenny,Kenny Irons,1992,1992/93,Irons
Irons,Kenny,Kenny Irons,1993,1993/94,Irons
Irons,Kenny,Kenny Irons,1994,1994/95,Irons
Irons,Kenny,Kenny Irons,1995,1995/96,Irons
Irons,Kenny,Kenny Irons,1996,1996/97,Irons
Jack,Andrew,Andrew Jack,1948,1948/49,Jack
Jackson,Archie,Archie Jackson,1928,1928/29,Jackson A
Jackson,Archie,Archie Jackson,1929,1929/30,Jackson A
Jackson,David,David Jackson,1961,1961/62,Jackson D
Jackson,David,David Jackson,1962,1962/63,Jackson D
Jackson,George,George Jackson,1923,1923/24,Jackson G
Jackson,George,George Jackson,1924,1924/25,Jackson G
Jackson,George,George Jackson,1925,1925/26,Jackson G
Jackson,George,George Jackson,1926,1926/27,Jackson G
Jackson,George,George Jackson,1927,1927/28,Jackson G
Jackson,George,George Jackson,1928,1928/29,Jackson G
Jackson,George,George Jackson,1929,1929/30,Jackson G
Jackson,Jimmy,Jimmy Jackson,1924,1924/25,Jackson J
Jackson,Peter,Peter Jackson,1961,1961/62,Jackson P
Jackson,Peter,Peter Jackson,1962,1962/63,Jackson P
Jackson,Peter,Peter Jackson,1963,1963/64,Jackson P
Jackson,Peter,Peter Jackson,1964,1964/65,Jackson P
Jackson,Pat,Pat Jackson,1951,1951/52,Jackson
Jackson,Pat,Pat Jackson,1952,1952/53,Jackson
Jackson,Pat,Pat Jackson,1953,1953/54,Jackson
Jackson,William,William Jackson,1936,1936/37,Jackson
James,John,John James,1975,1975/76,James
James,John,John James,1976,1976/77,James
James,John,John James,1977,1977/78,James
Jeffes,Albert,Albert Jeffes,1924,1924/25,Jeffes
Johnson,Brian,Brian Johnson,1968,1968/69,Johnson
Johnson,David,David Johnson,1974,1974/75,Johnson D
Johnson,Dickie,Dickie Johnson,1971,1971/72,Johnson
Johnson,Dickie,Dickie Johnson,1972,1972/73,Johnson
Johnson,Dickie,Dickie Johnson,1973,1973/74,Johnson
Johnson,Dickie,Dickie Johnson,1974,1974/75,Johnson R
Johnson,Dickie,Dickie Johnson,1975,1975/76,Johnson
Johnson,Dickie,Dickie Johnson,1976,1976/77,Johnson
Johnson,Dickie,Dickie Johnson,1977,1977/78,Johnson
Johnson,Dickie,Dickie Johnson,1978,1978/79,Johnson
Johnson,Dickie,Dickie Johnson,1979,1979/80,Johnson
Johnson,Dickie,Dickie Johnson,1980,1980/81,Johnson
Johnson,Dickie,Dickie Johnson,1981,1981/82,Johnson
Johnson,John,John Johnson,1925,1925/26,Johnson
Johnstone,Robert,Robert Johnstone,1946,1946/47,Johnstone
Johnstone,Robert,Robert Johnstone,1947,1947/48,Johnstone
Jolley,Charlie,Charlie Jolley,1953,1953/54,Jolley
Jolley,Charlie,Charlie Jolley,1954,1954/55,Jolley
Jones,Benny,Benny Jones,1945,1945/46,Jones TB
Jones,Benny,Benny Jones,1946,1946/47,Jones
Jones,Benny,Benny Jones,1947,1947/48,Jones
Jones,Derek,Derek Jones,1953,1953/54,Jones
Jones,Derek,Derek Jones,1954,1954/55,Jones
Jones,Derek,Derek Jones,1955,1955/56,Jones
Jones,Derek,Derek Jones,1956,1956/57,Jones
Jones,Derek,Derek Jones,1957,1957/58,Jones
Jones,Derek,Derek Jones,1958,1958/59,Jones
Jones,Derek,Derek Jones,1959,1959/60,Jones
Jones,Derek,Derek Jones,1960,1960/61,Jones
Jones,Gary,Gary Jones,1993,1993/94,Jones G
Jones,Gary,Gary Jones,1994,1994/95,Jones G
Jones,Gary,Gary Jones,1995,1995/96,Jones G
Jones,Gary,Gary Jones,1996,1996/97,Jones G
Jones,Gwyn,Gwyn Jones,1938,1938/39,Jones
Jones,Lee,Lee Jones,1996,1996/97,Jones L
Jones,Les,Les Jones,1962,1962/63,Jones
Jones,Les,Les Jones,1963,1963/64,Jones
Jones,Les,Les Jones,1964,1964/65,Jones
Jones,Martin,Martin Jones,1993,1993/94,Jones M
Jones,Ossie,Ossie Jones,1936,1936/37,Jones
Jones,Ossie,Ossie Jones,1937,1937/38,Jones
Jones,Robert,Robert Jones,1932,1932/33,Jones
Jones,Tommy,Tommy Jones,1926,1926/27,Jones
Jones,Tommy,Tommy Jones,1927,1927/28,Jones
Jones,Tommy,Tommy Jones,1928,1928/29,Jones
Joy,Brian,Brian Joy,1970,1970/71,Joy
Kearney,Sidney,Sidney Kearney,1937,1937/38,Kearney
Kearney,Sidney,Sidney Kearney,1938,1938/39,Kearney
Kearns,Jack,Jack Kearns,1938,1938/39,Kearns
Kelly,Charles,Charles Kelly,1927,1927/28,Kelly
Kelly,John,John Kelly,1979,1979/80,Kelly
Kelly,John,John Kelly,1980,1980/81,Kelly
Kelly,John,John Kelly,1981,1981/82,Kelly
Kelly,Noel,Noel Kelly,1955,1955/56,Kelly
Kelly,Noel,Noel Kelly,1956,1956/57,Kelly
Kelly,Robert,Robert Kelly,1984,1984/85,Kelly
Kennedy,Andy,Andy Kennedy,1930,1930/31,Kennedy A
Kennedy,David,David Kennedy,1967,1967/68,Kennedy
Kennedy,David,David Kennedy,1968,1968/69,Kennedy
Kennedy,David,David Kennedy,1969,1969/70,Kennedy
Kennedy,Jack,Jack Kennedy,1930,1930/31,Kennedy J
Kennedy,Jack,Jack Kennedy,1931,1931/32,Kennedy J
Kenny,Billy,Billy Kenny,1974,1974/75,Kenny
Kenny,Billy,Billy Kenny,1975,1975/76,Kenny
Kenny,Billy,Billy Kenny,1976,1976/77,Kenny
Kenworthy,Jon,Jon Kenworthy,1993,1993/94,Kenworthy
Kenworthy,Jon,Jon Kenworthy,1994,1994/95,Kenworthy
Kenworthy,Jon,Jon Kenworthy,1995,1995/96,Kenworthy
Kerr,John,John Kerr,1978,1978/79,Kerr
Kerr,John,John Kerr,1979,1979/80,Kerr
Kerr,John,John Kerr,1980,1980/81,Kerr
Kerr,John,John Kerr,1981,1981/82,Kerr
Kerr,John,John Kerr,1982,1982/83,Kerr
Kidd,Jackie,Jackie Kidd,1955,1955/56,Kidd
Kidd,Jackie,Jackie Kidd,1956,1956/57,Kidd
Kidd,Jackie,Jackie Kidd,1957,1957/58,Kidd
Kidd,Jackie,Jackie Kidd,1958,1958/59,Kidd
Kieran,Len,Len Kieran,1947,1947/48,Kieran
Kieran,Len,Len Kieran,1948,1948/49,Kieran
Kieran,Len,Len Kieran,1949,1949/50,Kieran
Kieran,Len,Len Kieran,1950,1950/51,Kieran
Kieran,Len,Len Kieran,1951,1951/52,Kieran
Kieran,Len,Len Kieran,1952,1952/53,Kieran
Kieran,Len,Len Kieran,1953,1953/54,Kieran
Kieran,Len,Len Kieran,1954,1954/55,Kieran
Kieran,Len,Len Kieran,1955,1955/56,Kieran
Kieran,Len,Len Kieran,1956,1956/57,Kieran
Kimberley,John,John Kimberley,1922,1922/23,Kimberley
King,Alan,Alan King,1962,1962/63,King A
King,Alan,Alan King,1963,1963/64,King A
King,Alan,Alan King,1964,1964/65,King A
King,Alan,Alan King,1965,1965/66,King A
King,Alan,Alan King,1966,1966/67,King A
King,Alan,Alan King,1967,1967/68,King A
King,Alan,Alan King,1968,1968/69,King A
King,Alan,Alan King,1969,1969/70,King A
King,Alan,Alan King,1970,1970/71,King A
King,Alan,Alan King,1971,1971/72,King A
King,Herbert,Herbert King,1937,1937/38,King
King,Johnny,Johnny King,1960,1960/61,King J
King,Johnny,Johnny King,1961,1961/62,King J
King,Johnny,Johnny King,1962,1962/63,King J
King,Johnny,Johnny King,1963,1963/64,King J
King,Johnny,Johnny King,1964,1964/65,King J
King,Johnny,Johnny King,1965,1965/66,King J
King,Johnny,Johnny King,1966,1966/67,King J
King,Johnny,Johnny King,1967,1967/68,King J
Kinsella,Pat,Pat Kinsella,1966,1966/67,Kinsella
Kitching,Harry,Harry Kitching,1931,1931/32,Kitching
Knapp,Tony,Tony Knapp,1969,1969/70,Knapp
Knapp,Tony,Tony Knapp,1970,1970/71,Knapp
Lamb,Harry,Harry Lamb,1945,1945/46,Lamb
Lamb,Harry,Harry Lamb,1946,1946/47,Lamb
Lamb,Harry,Harry Lamb,1947,1947/48,Lamb
Lamb,Harry,Harry Lamb,1948,1948/49,Lamb
Lamb,Harry,Harry Lamb,1949,1949/50,Lamb
Lamb,Harry,Harry Lamb,1950,1950/51,Lamb
Lamb,Harry,Harry Lamb,1951,1951/52,Lamb
Lamb,Harry,Harry Lamb,1952,1952/53,Lamb
Lamont,Bill,Bill Lamont,1951,1951/52,Lamont
Lamont,Bill,Bill Lamont,1952,1952/53,Lamont
Lamont,Bill,Bill Lamont,1953,1953/54,Lamont
Lamont,Bill,Bill Lamont,1954,1954/55,Lamont
Lamont,Bill,Bill Lamont,1955,1955/56,Lamont
Lancaster,Des,Des Lancaster,1959,1959/60,Lancaster
Lane,Frankie,Frankie Lane,1969,1969/70,Lane
Lane,Frankie,Frankie Lane,1970,1970/71,Lane
Lane,Frankie,Frankie Lane,1971,1971/72,Lane
Lawrence,Tommy,Tommy Lawrence,1971,1971/72,Lawrence
Lawrence,Tommy,Tommy Lawrence,1972,1972/73,Lawrence
Lawrence,Tommy,Tommy Lawrence,1973,1973/74,Lawrence
Le Cornu,Craig,Craig Le Cornu,1980,1980/81,Le Cornu
Leary,Rex,Rex Leary,1922,1922/23,Leary
Leary,Rex,Rex Leary,1923,1923/24,Leary
Lee,Andy,Andy Lee,1984,1984/85,Lee
Leeming,Cliff,Cliff Leeming,1947,1947/48,Leeming
Leonard,Mark,Mark Leonard,1982,1982/83,Leonard
Leslie,Alex,Alex Leslie,1925,1925/26,Leslie
Lewins,George,George Lewins,1930,1930/31,Lewins
Lewins,George,George Lewins,1931,1931/32,Lewins
Lewis,Cyril,Cyril Lewis,1932,1932/33,Lewis C
Lewis,Ginger,Ginger Lewis,1925,1925/26,Lewis
Lewis,Ginger,Ginger Lewis,1926,1926/27,Lewis
Lewis,Ginger,Ginger Lewis,1927,1927/28,Lewis
Lewis,Ginger,Ginger Lewis,1928,1928/29,Lewis
Lewis,Ginger,Ginger Lewis,1929,1929/30,Lewis
Lewis,Ginger,Ginger Lewis,1930,1930/31,Lewis
Lewis,Ginger,Ginger Lewis,1931,1931/32,Lewis
Lewis,Ginger,Ginger Lewis,1932,1932/33,Lewis J
Lewis,Ginger,Ginger Lewis,1933,1933/34,Lewis
Lewis,Joseph,Joseph Lewis,1923,1923/24,Lewis Jos
Lewis,Joseph,Joseph Lewis,1924,1924/25,Lewis Jos
Lewis,Norman,Norman Lewis,1936,1936/37,Lewis
Lewis,Norman,Norman Lewis,1937,1937/38,Lewis
Lewis,Norman,Norman Lewis,1938,1938/39,Lewis
Leyland,Harry,Harry Leyland,1960,1960/61,Leyland
Leyland,Harry,Harry Leyland,1961,1961/62,Leyland
Leyland,Harry,Harry Leyland,1962,1962/63,Leyland
Leyland,Harry,Harry Leyland,1963,1963/64,Leyland
Leyland,Harry,Harry Leyland,1964,1964/65,Leyland
Leyland,Harry,Harry Leyland,1965,1965/66,Leyland
Leyland,Harry,Harry Leyland,1966,1966/67,Leyland
Littlehales,Harry,Harry Littlehales,1923,1923/24,Littlehales
Littlehales,Harry,Harry Littlehales,1924,1924/25,Littlehales
Littlehales,Harry,Harry Littlehales,1925,1925/26,Littlehales
Littlehales,Harry,Harry Littlehales,1926,1926/27,Littlehales
Littlehales,Harry,Harry Littlehales,1927,1927/28,Littlehales
Littlehales,Harry,Harry Littlehales,1928,1928/29,Littlehales
Littlehales,Harry,Harry Littlehales,1929,1929/30,Littlehales
Littlehales,Harry,Harry Littlehales,1930,1930/31,Littlehales
Littlehales,Harry,Harry Littlehales,1931,1931/32,Littlehales
Livingstone,Duggie,Duggie Livingstone,1930,1930/31,Livingstone
Livingstone,Duggie,Duggie Livingstone,1931,1931/32,Livingstone
Livingstone,Duggie,Duggie Livingstone,1932,1932/33,Livingstone
Lloyd,Evan,Evan Lloyd,1921,1921/22,Lloyd
Lloyd,Harold,Harold Lloyd,1945,1945/46,Lloyd
Lloyd,Harold,Harold Lloyd,1946,1946/47,Lloyd
Lloyd,Harold,Harold Lloyd,1947,1947/48,Lloyd
Lloyd,Harold,Harold Lloyd,1948,1948/49,Lloyd
Lloyd,Harold,Harold Lloyd,1949,1949/50,Lloyd
Lloyd,Harold,Harold Lloyd,1950,1950/51,Lloyd
Lloyd,Harold,Harold Lloyd,1951,1951/52,Lloyd
Lloyd,Harold,Harold Lloyd,1952,1952/53,Lloyd
Lloyd,Harold,Harold Lloyd,1953,1953/54,Lloyd
Lloyd,Harold,Harold Lloyd,1954,1954/55,Lloyd
Lloyd,Harold,Harold Lloyd,1955,1955/56,Lloyd
Lloyd,Harold,Harold Lloyd,1956,1956/57,Lloyd
Lomax,John,John Lomax,1922,1922/23,Lomax
Lorenson,Roy,Roy Lorenson,1960,1960/61,Lorenson
Lorenson,Roy,Roy Lorenson,1961,1961/62,Lorenson
Lornie,Jack,Jack Lornie,1964,1964/65,Lornie
Lornie,Jack,Jack Lornie,1965,1965/66,Lornie
Loyden,Eddie,Eddie Loyden,1972,1972/73,Loyden
Loyden,Eddie,Eddie Loyden,1973,1973/74,Loyden
Lumby,Jim,Jim Lumby,1979,1979/80,Lumby
Lumby,Jim,Jim Lumby,1980,1980/81,Lumby
MacDonald,John,John MacDonald,1949,1949/50,MacDonald
MacDonald,John,John MacDonald,1950,1950/51,MacDonald
MacDonald,John,John MacDonald,1951,1951/52,MacDonald
MacDonald,Willie,Willie MacDonald,1934,1934/35,MacDonald
MacDonald,Willie,Willie MacDonald,1935,1935/36,MacDonald
MacNamee,John,John MacNamee,1967,1967/68,MacNamee
MacNamee,John,John MacNamee,1968,1968/69,MacNamee
MacNamee,John,John MacNamee,1969,1969/70,MacNamee
Mackay,William,William Mackay,1933,1933/34,Mackay
Maddocks,Emlyn,Emlyn Maddocks,1936,1936/37,Maddocks
Maher,Aiden,Aiden Maher,1971,1971/72,Maher
Maher,Cyril,Cyril Maher,1936,1936/37,Maher
Mahon,Alan,Alan Mahon,1995,1995/96,Mahon
Mahon,Alan,Alan Mahon,1996,1996/97,Mahon
Major,Bill,Bill Major,1934,1934/35,Major
Major,Bill,Bill Major,1935,1935/36,Major
Major,Bill,Bill Major,1936,1936/37,Major
Malcolm,John,John Malcolm,1947,1947/48,Malcolm
Malkin,Chris,Chris Malkin,1987,1987/88,Malkin
Malkin,Chris,Chris Malkin,1988,1988/89,Malkin
Malkin,Chris,Chris Malkin,1989,1989/90,Malkin
Malkin,Chris,Chris Malkin,1990,1990/91,Malkin
Malkin,Chris,Chris Malkin,1991,1991/92,Malkin
Malkin,Chris,Chris Malkin,1992,1992/93,Malkin
Malkin,Chris,Chris Malkin,1993,1993/94,Malkin
Malkin,Chris,Chris Malkin,1994,1994/95,Malkin
Manning,John,John Manning,1962,1962/63,Manning
Manning,John,John Manning,1963,1963/64,Manning
Manning,John,John Manning,1964,1964/65,Manning
Manning,John,John Manning,1965,1965/66,Manning
Manning,John,John Manning,1966,1966/67,Manning
Manning,John,John Manning,1971,1971/72,Manning
Marquis,Fred,Fred Marquis,1925,1925/26,Marquis
Marquis,Fred,Fred Marquis,1926,1926/27,Marquis
Martin,Barrie,Barrie Martin,1965,1965/66,Martin
Martin,Barrie,Barrie Martin,1966,1966/67,Martin
Martin,Barrie,Barrie Martin,1967,1967/68,Martin
Martindale,Dave,Dave Martindale,1987,1987/88,Martindale
Martindale,Dave,Dave Martindale,1988,1988/89,Martindale
Martindale,Dave,Dave Martindale,1989,1989/90,Martindale
Martindale,Dave,Dave Martindale,1990,1990/91,Martindale
Martindale,Dave,Dave Martindale,1991,1991/92,Martindale
Martindale,Dave,Dave Martindale,1992,1992/93,Martindale
Martindale,Dave,Dave Martindale,1993,1993/94,Martindale
Mathias,Ray,Ray Mathias,1967,1967/68,Mathias
Mathias,Ray,Ray Mathias,1968,1968/69,Mathias
Mathias,Ray,Ray Mathias,1969,1969/70,Mathias
Mathias,Ray,Ray Mathias,1970,1970/71,Mathias
Mathias,Ray,Ray Mathias,1971,1971/72,Mathias
Mathias,Ray,Ray Mathias,1972,1972/73,Mathias
Mathias,Ray,Ray Mathias,1973,1973/74,Mathias
Mathias,Ray,Ray Mathias,1974,1974/75,Mathias
Mathias,Ray,Ray Mathias,1975,1975/76,Mathias
Mathias,Ray,Ray Mathias,1976,1976/77,Mathias
Mathias,Ray,Ray Mathias,1977,1977/78,Mathias
Mathias,Ray,Ray Mathias,1978,1978/79,Mathias
Mathias,Ray,Ray Mathias,1979,1979/80,Mathias
Mathias,Ray,Ray Mathias,1980,1980/81,Mathias
Mathias,Ray,Ray Mathias,1981,1981/82,Mathias
Mathias,Ray,Ray Mathias,1982,1982/83,Mathias
Mathias,Ray,Ray Mathias,1983,1983/84,Mathias
Mathias,Ray,Ray Mathias,1984,1984/85,Mathias
Matthews,Vince,Vince Matthews,1925,1925/26,Matthews
Matthews,Vince,Vince Matthews,1926,1926/27,Matthews
Mayson,John,John Mayson,1937,1937/38,Mayson
McAuley,Hughie,Hughie McAuley,1973,1973/74,McAuley
McAuley,Hughie,Hughie McAuley,1978,1978/79,McAuley
McBennett,Seamus,Seamus McBennett,1948,1948/49,McBennett
McBennett,Seamus,Seamus McBennett,1949,1949/50,McBennett
McBurney,Mike,Mike McBurney,1974,1974/75,McBurney
McCarrick,Mark,Mark McCarrick,1987,1987/88,McCarrick
McCarrick,Mark,Mark McCarrick,1988,1988/89,McCarrick
McCarrick,Mark,Mark McCarrick,1989,1989/90,McCarrick
McCarrick,Mark,Mark McCarrick,1990,1990/91,McCarrick
McDevitt,Kenny,Kenny McDevitt,1951,1951/52,McDevitt
McDevitt,Kenny,Kenny McDevitt,1952,1952/53,McDevitt
McDevitt,Kenny,Kenny McDevitt,1953,1953/54,McDevitt
McDevitt,Kenny,Kenny McDevitt,1954,1954/55,McDevitt
McDevitt,Kenny,Kenny McDevitt,1955,1955/56,McDevitt
McDevitt,Kenny,Kenny McDevitt,1956,1956/57,McDevitt
McDevitt,Kenny,Kenny McDevitt,1957,1957/58,McDevitt
McDevitt,Kenny,Kenny McDevitt,1958,1958/59,McDevitt
McDevitt,Kenny,Kenny McDevitt,1959,1959/60,McDevitt
McDonnell,Charlie,Charlie McDonnell,1957,1957/58,McDonnell
McDonnell,Charlie,Charlie McDonnell,1958,1958/59,McDonnell
McDonnell,Charlie,Charlie McDonnell,1959,1959/60,McDonnell
McDonnell,Charlie,Charlie McDonnell,1960,1960/61,McDonnell
McDonnell,Charlie,Charlie McDonnell,1963,1963/64,McDonnell
McDonnell,Charlie,Charlie McDonnell,1964,1964/65,McDonnell
McFarland,Roy,Roy McFarland,1966,1966/67,McFarland
McFarland,Roy,Roy McFarland,1967,1967/68,McFarland
McGrae,Joe,Joe McGrae,1925,1925/26,McGrae
McGreal,John,John McGreal,1991,1991/92,McGreal
McGreal,John,John McGreal,1992,1992/93,McGreal
McGreal,John,John McGreal,1993,1993/94,McGreal
McGreal,John,John McGreal,1994,1994/95,McGreal
McGreal,John,John McGreal,1995,1995/96,McGreal
McGreal,John,John McGreal,1996,1996/97,McGreal
McGugan,Jackie,Jackie McGugan,1960,1960/61,McGugan
McGugan,Jackie,Jackie McGugan,1961,1961/62,McGugan
McGuire,Reg,Reg McGuire,1982,1982/83,McGuire
McKay,James,James McKay,1949,1949/50,McKay
McKenna,Kenny,Kenny McKenna,1982,1982/83,McKenna
McKenna,Kenny,Kenny McKenna,1987,1987/88,McKenna
McKenna,Kenny,Kenny McKenna,1988,1988/89,McKenna
McLaren,Hugh,Hugh McLaren,1935,1935/36,McLaren
McLaren,Hugh,Hugh McLaren,1936,1936/37,McLaren
McLellan,Alistair,Alistair McLellan,1948,1948/49,McLellan
McMahon,John,John McMahon,1983,1983/84,McMahon
McManus,Eric,Eric McManus,1986,1986/87,McManus
McMullen,Ian,Ian McMullen,1984,1984/85,McMullen
McMurray,Tom,Tom McMurray,1932,1932/33,McMurray
McNab,Neil,Neil McNab,1989,1989/90,McNab
McNab,Neil,Neil McNab,1990,1990/91,McNab
McNab,Neil,Neil McNab,1991,1991/92,McNab
McNab,Neil,Neil McNab,1992,1992/93,McNab
McNamara,Dennis,Dennis McNamara,1954,1954/55,McNamara
McVicar,Don,Don McVicar,1985,1985/86,McVicar
Meacock,Bob,Bob Meacock,1933,1933/34,Meacock
Meacock,Bob,Bob Meacock,1934,1934/35,Meacock
Mercer,Joe,Joe Mercer,1921,1921/22,Mercer
Meston,Sammy,Sammy Meston,1929,1929/30,Meston
Meston,Sammy,Sammy Meston,1930,1930/31,Meston
Meston,Sammy,Sammy Meston,1931,1931/32,Meston
Miller,Alforth,Alforth Miller,1935,1935/36,Miller
Miller,Alforth,Alforth Miller,1936,1936/37,Miller
Miller,Dave,Dave Miller,1985,1985/86,Miller
Miller,William,William Miller,1938,1938/39,Miller
Millington,Ralph,Ralph Millington,1950,1950/51,Millington
Millington,Ralph,Ralph Millington,1951,1951/52,Millington
Millington,Ralph,Ralph Millington,1952,1952/53,Millington
Millington,Ralph,Ralph Millington,1953,1953/54,Millington
Millington,Ralph,Ralph Millington,1954,1954/55,Millington
Millington,Ralph,Ralph Millington,1955,1955/56,Millington
Millington,Ralph,Ralph Millington,1956,1956/57,Millington
Millington,Ralph,Ralph Millington,1957,1957/58,Millington
Millington,Ralph,Ralph Millington,1958,1958/59,Millington
Millington,Ralph,Ralph Millington,1959,1959/60,Millington
Millington,Ralph,Ralph Millington,1960,1960/61,Millington
Milner,Jimmy,Jimmy Milner,1962,1962/63,Milner
Milnes,Charles,Charles Milnes,1921,1921/22,Milnes
Mitchell,Barrie,Barrie Mitchell,1973,1973/74,Mitchell
Mitchell,Barrie,Barrie Mitchell,1974,1974/75,Mitchell
Mitchell,Barrie,Barrie Mitchell,1975,1975/76,Mitchell
Mitchell,Frank,Frank Mitchell,1923,1923/24,Mitchell
Mitchell,Frank,Frank Mitchell,1924,1924/25,Mitchell
Molyneux,Bernard,Bernard Molyneux,1956,1956/57,Molyneux
Molyneux,Fred,Fred Molyneux,1970,1970/71,Molyneux
Molyneux,Fred,Fred Molyneux,1971,1971/72,Molyneux
Molyneux,Fred,Fred Molyneux,1972,1972/73,Molyneux
Mooney,Kevin,Kevin Mooney,1982,1982/83,Mooney
Moorcroft,Dave,Dave Moorcroft,1968,1968/69,Moorcroft
Moorcroft,Dave,Dave Moorcroft,1969,1969/70,Moorcroft
Moorcroft,Dave,Dave Moorcroft,1970,1970/71,Moorcroft
Moorcroft,Dave,Dave Moorcroft,1971,1971/72,Moorcroft
Moore,Eric,Eric Moore,1957,1957/58,Moore
Moore,Malcolm,Malcolm Moore,1970,1970/71,Moore M
Moore,Malcolm,Malcolm Moore,1971,1971/72,Moore M
Moore,Malcolm,Malcolm Moore,1972,1972/73,Moore M
Moore,Patrick,Patrick Moore,1930,1930/31,Moore
Moore,Ronnie,Ronnie Moore,1971,1971/72,Moore R
Moore,Ronnie,Ronnie Moore,1972,1972/73,Moore
Moore,Ronnie,Ronnie Moore,1973,1973/74,Moore
Moore,Ronnie,Ronnie Moore,1974,1974/75,Moore
Moore,Ronnie,Ronnie Moore,1975,1975/76,Moore
Moore,Ronnie,Ronnie Moore,1976,1976/77,Moore
Moore,Ronnie,Ronnie Moore,1977,1977/78,Moore
Moore,Ronnie,Ronnie Moore,1978,1978/79,Moore
Moore,Ronnie,Ronnie Moore,1986,1986/87,Moore
Moore,Ronnie,Ronnie Moore,1987,1987/88,Moore
Moore,Ronnie,Ronnie Moore,1988,1988/89,Moore
Moorhouse,George,George Moorhouse,1921,1921/22,Moorhouse
Moreton,Jimmy,Jimmy Moreton,1921,1921/22,Moreton
Moreton,Jimmy,Jimmy Moreton,1922,1922/23,Moreton
Moreton,Jimmy,Jimmy Moreton,1923,1923/24,Moreton
Moreton,Jimmy,Jimmy Moreton,1924,1924/25,Moreton
Moreton,Jimmy,Jimmy Moreton,1925,1925/26,Moreton
Moreton,Jimmy,Jimmy Moreton,1926,1926/27,Moreton
Morgan,Alan,Alan Morgan,1995,1995/96,Morgan
Morgan,Alan,Alan Morgan,1996,1996/97,Morgan
Morley,Brian,Brian Morley,1981,1981/82,Morley
Morrissey,Johnny,Johnny Morrissey,1985,1985/86,Morrissey
Morrissey,Johnny,Johnny Morrissey,1986,1986/87,Morrissey
Morrissey,Johnny,Johnny Morrissey,1987,1987/88,Morrissey
Morrissey,Johnny,Johnny Morrissey,1988,1988/89,Morrissey
Morrissey,Johnny,Johnny Morrissey,1989,1989/90,Morrissey
Morrissey,Johnny,Johnny Morrissey,1990,1990/91,Morrissey
Morrissey,Johnny,Johnny Morrissey,1991,1991/92,Morrissey
Morrissey,Johnny,Johnny Morrissey,1992,1992/93,Morrissey
Morrissey,Johnny,Johnny Morrissey,1993,1993/94,Morrissey
Morrissey,Johnny,Johnny Morrissey,1994,1994/95,Morrissey
Morrissey,Johnny,Johnny Morrissey,1995,1995/96,Morrissey
Morrissey,Johnny,Johnny Morrissey,1996,1996/97,Morrissey
Mountfield,Derek,Derek Mountfield,1980,1980/81,Mountfield
Mountfield,Derek,Derek Mountfield,1981,1981/82,Mountfield
Muir,Ian,Ian Muir,1985,1985/86,Muir
Muir,Ian,Ian Muir,1986,1986/87,Muir
Muir,Ian,Ian Muir,1987,1987/88,Muir
Muir,Ian,Ian Muir,1988,1988/89,Muir
Muir,Ian,Ian Muir,1989,1989/90,Muir
Muir,Ian,Ian Muir,1990,1990/91,Muir
Muir,Ian,Ian Muir,1991,1991/92,Muir
Muir,Ian,Ian Muir,1992,1992/93,Muir
Muir,Ian,Ian Muir,1993,1993/94,Muir
Muir,Ian,Ian Muir,1994,1994/95,Muir
Mulkerrin,Jimmy,Jimmy Mulkerrin,1959,1959/60,Mulkerrin
Mulkerrin,Jimmy,Jimmy Mulkerrin,1960,1960/61,Mulkerrin
Mungall,Steve,Steve Mungall,1979,1979/80,Mungall
Mungall,Steve,Steve Mungall,1980,1980/81,Mungall
Mungall,Steve,Steve Mungall,1981,1981/82,Mungall
Mungall,Steve,Steve Mungall,1982,1982/83,Mungall
Mungall,Steve,Steve Mungall,1983,1983/84,Mungall
Mungall,Steve,Steve Mungall,1984,1984/85,Mungall
Mungall,Steve,Steve Mungall,1985,1985/86,Mungall
Mungall,Steve,Steve Mungall,1986,1986/87,Mungall
Mungall,Steve,Steve Mungall,1987,1987/88,Mungall
Mungall,Steve,Steve Mungall,1988,1988/89,Mungall
Mungall,Steve,Steve Mungall,1989,1989/90,Mungall
Mungall,Steve,Steve Mungall,1990,1990/91,Mungall
Mungall,Steve,Steve Mungall,1991,1991/92,Mungall
Mungall,Steve,Steve Mungall,1992,1992/93,Mungall
Mungall,Steve,Steve Mungall,1993,1993/94,Mungall
Mungall,Steve,Steve Mungall,1994,1994/95,Mungall
Mungall,Steve,Steve Mungall,1995,1995/96,Mungall
Murphy,Bill,Bill Murphy,1930,1930/31,Murphy
Murray,Eddie,Eddie Murray,1987,1987/88,Murray
Murray,Eddie,Eddie Murray,1988,1988/89,Murray
Murray,Tommy,Tommy Murray,1960,1960/61,Murray
Murray,Tommy,Tommy Murray,1961,1961/62,Murray
Mycock,Tom,Tom Mycock,1952,1952/53,Mycock
Mycock,Tom,Tom Mycock,1953,1953/54,Mycock
Naylor,Tommy,Tommy Naylor,1924,1924/25,Naylor
Naylor,Tommy,Tommy Naylor,1925,1925/26,Naylor
Naylor,Tommy,Tommy Naylor,1926,1926/27,Naylor
Naylor,Tommy,Tommy Naylor,1927,1927/28,Naylor
Naylor,Tommy,Tommy Naylor,1928,1928/29,Naylor
Naylor,Tommy,Tommy Naylor,1929,1929/30,Naylor
Naylor,Tommy,Tommy Naylor,1930,1930/31,Naylor
Neill,Tommy,Tommy Neill,1960,1960/61,Neill
Neill,Tommy,Tommy Neill,1961,1961/62,Neill
Neill,Tommy,Tommy Neill,1962,1962/63,Neill
Nevin,Pat,Pat Nevin,1991,1991/92,Nevin
Nevin,Pat,Pat Nevin,1992,1992/93,Nevin
Nevin,Pat,Pat Nevin,1993,1993/94,Nevin
Nevin,Pat,Pat Nevin,1994,1994/95,Nevin
Nevin,Pat,Pat Nevin,1995,1995/96,Nevin
Nevin,Pat,Pat Nevin,1996,1996/97,Nevin
Newton,Percy,Percy Newton,1934,1934/35,Newton
Newton,Percy,Percy Newton,1935,1935/36,Newton
Nightingale,David,David Nightingale,1946,1946/47,Nightingale
Niven,James,James Niven,1921,1921/22,Niven
Nixon,Eric,Eric Nixon,1987,1987/88,Nixon
Nixon,Eric,Eric Nixon,1988,1988/89,Nixon
Nixon,Eric,Eric Nixon,1989,1989/90,Nixon
Nixon,Eric,Eric Nixon,1990,1990/91,Nixon
Nixon,Eric,Eric Nixon,1991,1991/92,Nixon
Nixon,Eric,Eric Nixon,1992,1992/93,Nixon
Nixon,Eric,Eric Nixon,1993,1993/94,Nixon
Nixon,Eric,Eric Nixon,1994,1994/95,Nixon
Nixon,Eric,Eric Nixon,1995,1995/96,Nixon
Nixon,Eric,Eric Nixon,1996,1996/97,Nixon
Nolan,Ian,Ian Nolan,1991,1991/92,Nolan
Nolan,Ian,Ian Nolan,1992,1992/93,Nolan
Nolan,Ian,Ian Nolan,1993,1993/94,Nolan
O'Brien,Liam,Liam O'Brien,1993,1993/94,O'Brien
O'Brien,Liam,Liam O'Brien,1994,1994/95,O'Brien
O'Brien,Liam,Liam O'Brien,1995,1995/96,O'Brien
O'Brien,Liam,Liam O'Brien,1996,1996/97,O'Brien
O'Connor,John,John O'Connor,1927,1927/28,O'Connor
O'Neil,Tommy,Tommy O'Neil,1978,1978/79,O'Neil
O'Neil,Tommy,Tommy O'Neil,1979,1979/80,O'Neil
O'Rourke,Billy,Billy O'Rourke,1986,1986/87,O'Rourke
O'Rourke,Billy,Billy O'Rourke,1987,1987/88,O'Rourke
Obrey,Alf,Alf Obrey,1938,1938/39,Obrey
Oliver,Gavin,Gavin Oliver,1982,1982/83,Oliver
Onyeali,Elkanah,Elkanah Onyeali,1960,1960/61,Onyeali
Owen,Arthur,Arthur Owen,1936,1936/37,Owen
Owen,Arthur,Arthur Owen,1937,1937/38,Owen
Owen,Arthur,Arthur Owen,1938,1938/39,Owen
Owen,Billy,Billy Owen,1935,1935/36,Owen
Oxtoby,Dick,Dick Oxtoby,1963,1963/64,Oxtoby
Palios,Mark,Mark Palios,1973,1973/74,Palios
Palios,Mark,Mark Palios,1974,1974/75,Palios
Palios,Mark,Mark Palios,1975,1975/76,Palios
Palios,Mark,Mark Palios,1976,1976/77,Palios
Palios,Mark,Mark Palios,1977,1977/78,Palios
Palios,Mark,Mark Palios,1978,1978/79,Palios
Palios,Mark,Mark Palios,1979,1979/80,Palios
Palios,Mark,Mark Palios,1982,1982/83,Palios
Palios,Mark,Mark Palios,1983,1983/84,Palios
Palios,Mark,Mark Palios,1984,1984/85,Palios
Parnell,Frank,Frank Parnell,1955,1955/56,Parnell
Parnell,Frank,Frank Parnell,1956,1956/57,Parnell
Parnell,Roy,Roy Parnell,1964,1964/65,Parnell
Parnell,Roy,Roy Parnell,1965,1965/66,Parnell
Parnell,Roy,Roy Parnell,1966,1966/67,Parnell
Parry,Dave,Dave Parry,1967,1967/68,Parry
Parry,Les,Les Parry,1972,1972/73,Parry
Parry,Les,Les Parry,1973,1973/74,Parry
Parry,Les,Les Parry,1974,1974/75,Parry
Parry,Les,Les Parry,1975,1975/76,Parry
Parry,Les,Les Parry,1976,1976/77,Parry
Parry,Les,Les Parry,1977,1977/78,Parry
Parry,Les,Les Parry,1978,1978/79,Parry
Parry,Les,Les Parry,1979,1979/80,Parry
Parry,Les,Les Parry,1980,1980/81,Parry
Parry,Les,Les Parry,1981,1981/82,Parry
Parry,Les,Les Parry,1982,1982/83,Parry
Parry,Les,Les Parry,1983,1983/84,Parry
Payne,Albert,Albert Payne,1946,1946/47,Payne A
Payne,Albert,Albert Payne,1947,1947/48,Payne A
Payne,Albert,Albert Payne,1948,1948/49,Payne A
Payne,George,George Payne,1946,1946/47,Payne G
Payne,George,George Payne,1947,1947/48,Payne G
Payne,George,George Payne,1948,1948/49,Payne G
Payne,George,George Payne,1949,1949/50,Payne
Payne,George,George Payne,1950,1950/51,Payne
Payne,George,George Payne,1951,1951/52,Payne
Payne,George,George Payne,1952,1952/53,Payne
Payne,George,George Payne,1953,1953/54,Payne
Payne,George,George Payne,1954,1954/55,Payne
Payne,George,George Payne,1955,1955/56,Payne
Payne,George,George Payne,1956,1956/57,Payne
Payne,George,George Payne,1957,1957/58,Payne
Payne,George,George Payne,1958,1958/59,Payne
Payne,George,George Payne,1959,1959/60,Payne
Payne,George,George Payne,1960,1960/61,Payne
Pearson,Tich,Tich Pearson,1932,1932/33,Pearson
Pearson,Tich,Tich Pearson,1933,1933/34,Pearson
Pennington,James,James Pennington,1933,1933/34,Pennington
Peplow,Steve,Steve Peplow,1973,1973/74,Peplow
Peplow,Steve,Steve Peplow,1974,1974/75,Peplow
Peplow,Steve,Steve Peplow,1975,1975/76,Peplow
Peplow,Steve,Steve Peplow,1976,1976/77,Peplow
Peplow,Steve,Steve Peplow,1977,1977/78,Peplow
Peplow,Steve,Steve Peplow,1978,1978/79,Peplow
Peplow,Steve,Steve Peplow,1979,1979/80,Peplow
Peplow,Steve,Steve Peplow,1980,1980/81,Peplow
Perfect,Frank,Frank Perfect,1938,1938/39,Perfect
Phillips,Ernest,Ernest Phillips,1922,1922/23,Phillips
Philpotts,Dave,Dave Philpotts,1974,1974/75,Philpotts
Philpotts,Dave,Dave Philpotts,1975,1975/76,Philpotts
Philpotts,Dave,Dave Philpotts,1976,1976/77,Philpotts
Philpotts,Dave,Dave Philpotts,1977,1977/78,Philpotts
Philpotts,Dave,Dave Philpotts,1983,1983/84,Philpotts
Philpotts,Dave,Dave Philpotts,1984,1984/85,Philpotts
Philpotts,John,John Philpotts,1945,1945/46,Philpotts
Pike,Martin,Martin Pike,1989,1989/90,Pike
Platt,Dick,Dick Platt,1932,1932/33,Platt
Platt,Dick,Dick Platt,1933,1933/34,Platt
Platt,Dick,Dick Platt,1934,1934/35,Platt
Platt,Dick,Dick Platt,1935,1935/36,Platt
Platt,Dick,Dick Platt,1936,1936/37,Platt
Platt,John,John Platt,1984,1984/85,Platt
Pointon,Ray,Ray Pointon,1967,1967/68,Pointon
Pointon,Ray,Ray Pointon,1968,1968/69,Pointon
Pointon,Ray,Ray Pointon,1969,1969/70,Pointon
Pointon,Ray,Ray Pointon,1970,1970/71,Pointon
Pollard,James,James Pollard,1947,1947/48,Pollard
Pollard,James,James Pollard,1948,1948/49,Pollard
Poskett,Thomas,Thomas Poskett,1935,1935/36,Poskett
Poskett,Thomas,Thomas Poskett,1936,1936/37,Poskett
Postlewhite,Dennis,Dennis Postlewhite,1975,1975/76,Postlewhite
Postlewhite,Dennis,Dennis Postlewhite,1976,1976/77,Postlewhite
Postlewhite,Dennis,Dennis Postlewhite,1977,1977/78,Postlewhite
Postlewhite,Dennis,Dennis Postlewhite,1978,1978/79,Postlewhite
Postlewhite,Dennis,Dennis Postlewhite,1979,1979/80,Postlewhite
Powell,Neville,Neville Powell,1980,1980/81,Powell
Powell,Neville,Neville Powell,1981,1981/82,Powell
Powell,Neville,Neville Powell,1982,1982/83,Powell
Powell,Neville,Neville Powell,1983,1983/84,Powell
Powell,Neville,Neville Powell,1984,1984/85,Powell
Prentice,John,John Prentice,1921,1921/22,Prentice
Prescott,Frank,Frank Prescott,1946,1946/47,Prescott
Price,Ken,Ken Price,1960,1960/61,Price
Price,Walter,Walter Price,1946,1946/47,Price
Pritchard,Joe,Joe Pritchard,1962,1962/63,Pritchard
Pritchard,Joe,Joe Pritchard,1963,1963/64,Pritchard
Pritchard,Joe,Joe Pritchard,1964,1964/65,Pritchard
Pritchard,Joe,Joe Pritchard,1965,1965/66,Pritchard
Pritchard,Joe,Joe Pritchard,1966,1966/67,Pritchard
Pritchard,Joe,Joe Pritchard,1967,1967/68,Pritchard
Pritchard,Joe,Joe Pritchard,1968,1968/69,Pritchard
Pritchard,Joe,Joe Pritchard,1969,1969/70,Pritchard
Pritchard,Ray,Ray Pritchard,1972,1972/73,Pritchard
Pritchard,Ray,Ray Pritchard,1973,1973/74,Pritchard
Proctor,Mark,Mark Proctor,1992,1992/93,Proctor
Proctor,Mark,Mark Proctor,1993,1993/94,Proctor
Proctor,Mark,Mark Proctor,1994,1994/95,Proctor
Proctor,Norman,Norman Proctor,1925,1925/26,Proctor
Proctor,Norman,Norman Proctor,1926,1926/27,Proctor
Prosser,Neil,Neil Prosser,1982,1982/83,Prosser
Rainford,Billy,Billy Rainford,1921,1921/22,Rainford
Rainford,Billy,Billy Rainford,1922,1922/23,Rainford
Ratcliffe,Archie,Archie Ratcliffe,1922,1922/23,Ratcliffe
Rees,Peter,Peter Rees,1956,1956/57,Rees
Rice,Ron,Ron Rice,1946,1946/47,Rice
Richards,Ernest,Ernest Richards,1945,1945/46,Richards
Richards,Percy,Percy Richards,1928,1928/29,Richards
Ridding,Bill,Bill Ridding,1928,1928/29,Ridding
Ridding,Bill,Bill Ridding,1929,1929/30,Ridding
Ridding,Bill,Bill Ridding,1935,1935/36,Ridding
Ridgway,John,John Ridgway,1928,1928/29,Ridgway
Riley,Alan,Alan Riley,1945,1945/46,Riley
Rimmer,Ellis,Ellis Rimmer,1924,1924/25,Rimmer
Rimmer,Ellis,Ellis Rimmer,1925,1925/26,Rimmer
Rimmer,Ellis,Ellis Rimmer,1926,1926/27,Rimmer
Rimmer,Ellis,Ellis Rimmer,1927,1927/28,Rimmer
Roberts,Billy,Billy Roberts,1925,1925/26,Roberts
Roberts,Eddie,Eddie Roberts,1968,1968/69,Roberts
Roberts,Eddie,Eddie Roberts,1969,1969/70,Roberts
Roberts,Gerald,Gerald Roberts,1932,1932/33,Roberts
Roberts,James,James Roberts,1921,1921/22,Roberts
Roberts,Ronnie,Ronnie Roberts,1962,1962/63,Roberts
Roberts,Ronnie,Ronnie Roberts,1963,1963/64,Roberts
Robertson,Teddie,Teddie Robertson,1964,1964/65,Robertson
Robertson,Teddie,Teddie Robertson,1965,1965/66,Robertson
Robertson,Teddie,Teddie Robertson,1966,1966/67,Robertson
Robertson,Teddie,Teddie Robertson,1967,1967/68,Robertson
Robertson,Teddie,Teddie Robertson,1968,1968/69,Robertson
Robertson,William,William Robertson,1936,1936/37,Robertson
Robinson,Alfred,Alfred Robinson,1921,1921/22,Robinson A
Robinson,James,James Robinson,1922,1922/23,Robinson J
Robinson,James,James Robinson,1923,1923/24,Robinson J
Robinson,Liam,Liam Robinson,1985,1985/86,Robinson
Rodaway,Billy,Billy Rodaway,1984,1984/85,Rodaway
Rodaway,Billy,Billy Rodaway,1985,1985/86,Rodaway
Rogers,Alan,Alan Rogers,1995,1995/96,Rogers
Rogers,Alan,Alan Rogers,1996,1996/97,Rogers
Roper,William,William Roper,1932,1932/33,Roper
Roper,William,William Roper,1933,1933/34,Roper
Roper,William,William Roper,1934,1934/35,Roper
Rosenthal,Abe,Abe Rosenthal,1938,1938/39,Rosenthal
Rosenthal,Abe,Abe Rosenthal,1945,1945/46,Rosenthal
Rosenthal,Abe,Abe Rosenthal,1946,1946/47,Rosenthal
Rosenthal,Abe,Abe Rosenthal,1949,1949/50,Rosenthal
Rosenthal,Abe,Abe Rosenthal,1950,1950/51,Rosenthal
Rosenthal,Abe,Abe Rosenthal,1951,1951/52,Rosenthal
Rosenthal,Abe,Abe Rosenthal,1954,1954/55,Rosenthal
Rothwell,Peter,Peter Rothwell,1923,1923/24,Rothwell
Rothwell,Peter,Peter Rothwell,1924,1924/25,Rothwell
Rowe,Graham,Graham Rowe,1970,1970/71,Rowe
Rowland,John,John Rowland,1968,1968/69,Rowland
Rowles,Reginald,Reginald Rowles,1931,1931/32,Rowles
Rowley,Tony,Tony Rowley,1957,1957/58,Rowley
Rowley,Tony,Tony Rowley,1958,1958/59,Rowley
Rowley,Tony,Tony Rowley,1959,1959/60,Rowley
Rowley,Tony,Tony Rowley,1960,1960/61,Rowley
Roy,Jack,Jack Roy,1938,1938/39,Roy
Russell,Alex,Alex Russell,1971,1971/72,Russell
Russell,Alex,Alex Russell,1972,1972/73,Russell
Rutter,Edward,Edward Rutter,1924,1924/25,Rutter
Salmon,Len,Len Salmon,1946,1946/47,Salmon
Salmon,Len,Len Salmon,1947,1947/48,Salmon
Sayer,Stan,Stan Sayer,1922,1922/23,Sayer
Sayer,Stan,Stan Sayer,1923,1923/24,Sayer
Sayer,Stan,Stan Sayer,1924,1924/25,Sayer
Scott,George,George Scott,1968,1968/69,Scott
Scott,George,George Scott,1969,1969/70,Scott
Seasman,John,John Seasman,1972,1972/73,Seasman
Seasman,John,John Seasman,1973,1973/74,Seasman
Seasman,John,John Seasman,1974,1974/75,Seasman
Seddon,Ben,Ben Seddon,1973,1973/74,Seddon
Sewell,George,George Sewell,1922,1922/23,Sewell
Sharkey,Bernard,Bernard Sharkey,1922,1922/23,Sharkey
Sharp,Alex,Alex Sharp,1930,1930/31,Sharp
Shaw,Hugh,Hugh Shaw,1955,1955/56,Shaw
Shears,Bert,Bert Shears,1930,1930/31,Shears
Sherlock,Harold,Harold Sherlock,1936,1936/37,Sherlock
Shone,George,George Shone,1946,1946/47,Shone
Siddall,Barry,Barry Siddall,1985,1985/86,Siddall
Sille,Les,Les Sille,1948,1948/49,Sille
Sinclair,Nick,Nick Sinclair,1984,1984/85,Sinclair
Sinclair,Nick,Nick Sinclair,1985,1985/86,Sinclair
Sinclair,Roy,Roy Sinclair,1963,1963/64,Sinclair
Sinclair,Roy,Roy Sinclair,1964,1964/65,Sinclair
Sinclair,Roy,Roy Sinclair,1965,1965/66,Sinclair
Sinclair,Roy,Roy Sinclair,1966,1966/67,Sinclair
Sinclair,Roy,Roy Sinclair,1967,1967/68,Sinclair
Sinclair,Roy,Roy Sinclair,1968,1968/69,Sinclair
Sinclair,Roy,Roy Sinclair,1972,1972/73,Sinclair
Sinclair,Willie,Willie Sinclair,1960,1960/61,Sinclair
Smith,Derek,Derek Smith,1967,1967/68,Smith
Smith,Derek,Derek Smith,1968,1968/69,Smith
Smith,Derek,Derek Smith,1969,1969/70,Smith
Smith,George,George Smith,1924,1924/25,Smith
Smith,George,George Smith,1925,1925/26,Smith
Smith,John,John Smith,1988,1988/89,Smith
Smith,Reg,Reg Smith,1938,1938/39,Smith R
Smith,William,William Smith,1938,1938/39,Smith W
Speakman,Sammy,Sammy Speakman,1954,1954/55,Speakman
Speakman,Sammy,Sammy Speakman,1955,1955/56,Speakman
Spence,James,James Spence,1930,1930/31,Spence
Spencer,Reg,Reg Spencer,1931,1931/32,Spencer R
Spencer,Reg,Reg Spencer,1932,1932/33,Spencer R
Spencer,Reg,Reg Spencer,1933,1933/34,Spencer R
Spencer,Reg,Reg Spencer,1934,1934/35,Spencer R
Spencer,Reg,Reg Spencer,1935,1935/36,Spencer R
Spencer,Reg,Reg Spencer,1936,1936/37,Spencer R
Spencer,Reg,Reg Spencer,1937,1937/38,Spencer R
Spencer,Reg,Reg Spencer,1938,1938/39,Spencer R
Spencer,Teddy,Teddy Spencer,1932,1932/33,Spencer E
Spencer,Teddy,Teddy Spencer,1933,1933/34,Spencer E
Spink,Tony,Tony Spink,1956,1956/57,Spink
St John,Ian,Ian St John,1972,1972/73,St John
Stanley,Graham,Graham Stanley,1965,1965/66,Stanley
Steel,Jim,Jim Steel,1987,1987/88,Steel
Steel,Jim,Jim Steel,1988,1988/89,Steel
Steel,Jim,Jim Steel,1989,1989/90,Steel
Steel,Jim,Jim Steel,1990,1990/91,Steel
Steel,Jim,Jim Steel,1991,1991/92,Steel
Steele,Percy,Percy Steele,1945,1945/46,Steele
Steele,Percy,Percy Steele,1946,1946/47,Steele
Steele,Percy,Percy Steele,1947,1947/48,Steele
Steele,Percy,Percy Steele,1948,1948/49,Steele
Steele,Percy,Percy Steele,1949,1949/50,Steele
Steele,Percy,Percy Steele,1950,1950/51,Steele
Steele,Percy,Percy Steele,1951,1951/52,Steele
Steele,Percy,Percy Steele,1952,1952/53,Steele
Steele,Percy,Percy Steele,1953,1953/54,Steele
Steele,Percy,Percy Steele,1954,1954/55,Steele
Steele,Percy,Percy Steele,1955,1955/56,Steele
Steele,Percy,Percy Steele,1956,1956/57,Steele
Stephens,Terry,Terry Stephens,1955,1955/56,Stephens
Stephens,Terry,Terry Stephens,1956,1956/57,Stephens
Stevens,Dennis,Dennis Stevens,1966,1966/67,Stevens
Stevens,Dennis,Dennis Stevens,1967,1967/68,Stevens
Stevens,Gary,Gary Stevens,1994,1994/95,Stevens
Stevens,Gary,Gary Stevens,1995,1995/96,Stevens
Stevens,Gary,Gary Stevens,1996,1996/97,Stevens
Stevenson,Willie,Willie Stevenson,1973,1973/74,Stevenson
Storton,Stan,Stan Storton,1966,1966/67,Storton S
Storton,Stan,Stan Storton,1967,1967/68,Storton S
Storton,Stan,Stan Storton,1968,1968/69,Storton S
Storton,Stan,Stan Storton,1969,1969/70,Storton S
Storton,Trevor,Trevor Storton,1967,1967/68,Storton T
Storton,Trevor,Trevor Storton,1968,1968/69,Storton T
Storton,Trevor,Trevor Storton,1969,1969/70,Storton T
Storton,Trevor,Trevor Storton,1970,1970/71,Storton T
Storton,Trevor,Trevor Storton,1971,1971/72,Storton T
Stott,Tom,Tom Stott,1921,1921/22,Stott
Stuart,Eddie,Eddie Stuart,1964,1964/65,Stuart
Stuart,Eddie,Eddie Stuart,1965,1965/66,Stuart
Stuart,Tom,Tom Stuart,1921,1921/22,Stuart
Stuart,Tom,Tom Stuart,1922,1922/23,Stuart
Stuart,Tom,Tom Stuart,1923,1923/24,Stuart
Stuart,Tom,Tom Stuart,1924,1924/25,Stuart
Stuart,Tom,Tom Stuart,1925,1925/26,Stuart
Stuart,Tom,Tom Stuart,1926,1926/27,Stuart
Stuart,Tom,Tom Stuart,1927,1927/28,Stuart
Sugden,Arthur,Arthur Sugden,1921,1921/22,Sugden
Sugden,Arthur,Arthur Sugden,1922,1922/23,Sugden
Tansey,Gerard,Gerard Tansey,1955,1955/56,Tansey
Teale,Shaun,Shaun Teale,1995,1995/96,Teale
Teale,Shaun,Shaun Teale,1996,1996/97,Teale
Temple,Ernest,Ernest Temple,1932,1932/33,Temple
Temple,Ernest,Ernest Temple,1936,1936/37,Temple
Thirkell,Percy,Percy Thirkell,1925,1925/26,Thirkell
Thirkell,Percy,Percy Thirkell,1926,1926/27,Thirkell
Thirkell,Percy,Percy Thirkell,1927,1927/28,Thirkell
Thirkell,Percy,Percy Thirkell,1928,1928/29,Thirkell
Thirkell,Percy,Percy Thirkell,1929,1929/30,Thirkell
Thomas,John,John Thomas,1978,1978/79,Thomas
Thomas,Kevin,Kevin Thomas,1969,1969/70,Thomas
Thomas,Kevin,Kevin Thomas,1970,1970/71,Thomas
Thomas,Robert,Robert Thomas,1938,1938/39,Thomas
Thomas,Stanley,Stanley Thomas,1948,1948/49,Thomas SH
Thomas,Tony,Tony Thomas,1988,1988/89,Thomas
Thomas,Tony,Tony Thomas,1989,1989/90,Thomas
Thomas,Tony,Tony Thomas,1990,1990/91,Thomas
Thomas,Tony,Tony Thomas,1991,1991/92,Thomas
Thomas,Tony,Tony Thomas,1992,1992/93,Thomas
Thomas,Tony,Tony Thomas,1993,1993/94,Thomas
Thomas,Tony,Tony Thomas,1994,1994/95,Thomas
Thomas,Tony,Tony Thomas,1995,1995/96,Thomas
Thomas,Tony,Tony Thomas,1996,1996/97,Thomas
Thomas,William,William Thomas,1933,1933/34,Thomas
Thomas-Moore,Ian,Ian Thomas-Moore,1994,1994/95,Thomas-Moore
Thomas-Moore,Ian,Ian Thomas-Moore,1995,1995/96,Thomas-Moore
Thomas-Moore,Ian,Ian Thomas-Moore,1996,1996/97,Thomas-Moore
Thompson,Alex,Alex Thompson,1948,1948/49,Thompson
Thompson,Bob,Bob Thompson,1922,1922/23,Thompson
Thompson,Robert,Robert Thompson,1926,1926/27,Thompson
Thorn,Andy,Andy Thorn,1996,1996/97,Thorn
Thorpe,Adrian,Adrian Thorpe,1986,1986/87,Thorpe Ad
Thorpe,Andy,Andy Thorpe,1986,1986/87,Thorpe Andy
Thorpe,Andy,Andy Thorpe,1987,1987/88,Thorpe
Tilston,Tommy,Tommy Tilston,1951,1951/52,Tilston
Tong,Robert,Robert Tong,1932,1932/33,Tong
Tong,Robert,Robert Tong,1933,1933/34,Tong
Train,Ray,Ray Train,1985,1985/86,Train
Travis,Harry,Harry Travis,1938,1938/39,Travis
Tucker,Charles,Charles Tucker,1936,1936/37,Tucker
Twist,Frank,Frank Twist,1965,1965/66,Twist
Tynan,Bobby,Bobby Tynan,1972,1972/73,Tynan
Tynan,Bobby,Bobby Tynan,1973,1973/74,Tynan
Tynan,Bobby,Bobby Tynan,1974,1974/75,Tynan
Tynan,Bobby,Bobby Tynan,1975,1975/76,Tynan
Tynan,Bobby,Bobby Tynan,1976,1976/77,Tynan
Tynan,Bobby,Bobby Tynan,1977,1977/78,Tynan
Urmson,Fred,Fred Urmson,1927,1927/28,Urmson
Urmson,Fred,Fred Urmson,1928,1928/29,Urmson
Urmson,Fred,Fred Urmson,1929,1929/30,Urmson
Urmson,Fred,Fred Urmson,1930,1930/31,Urmson
Urmson,Fred,Fred Urmson,1931,1931/32,Urmson
Urmson,Fred,Fred Urmson,1932,1932/33,Urmson
Urmson,Fred,Fred Urmson,1933,1933/34,Urmson
Urmson,Fred,Fred Urmson,1934,1934/35,Urmson
Urmson,Fred,Fred Urmson,1935,1935/36,Urmson
Veitch,Tommy,Tommy Veitch,1972,1972/73,Veitch
Veitch,Tommy,Tommy Veitch,1973,1973/74,Veitch
Veitch,Tommy,Tommy Veitch,1974,1974/75,Veitch
Vickers,Steve,Steve Vickers,1985,1985/86,Vickers
Vickers,Steve,Steve Vickers,1986,1986/87,Vickers
Vickers,Steve,Steve Vickers,1987,1987/88,Vickers
Vickers,Steve,Steve Vickers,1988,1988/89,Vickers
Vickers,Steve,Steve Vickers,1989,1989/90,Vickers
Vickers,Steve,Steve Vickers,1990,1990/91,Vickers
Vickers,Steve,Steve Vickers,1991,1991/92,Vickers
Vickers,Steve,Steve Vickers,1992,1992/93,Vickers
Vickers,Steve,Steve Vickers,1993,1993/94,Vickers
Walkden,Edgar,Edgar Walkden,1938,1938/39,Walkden
Walls,Arthur,Arthur Walls,1954,1954/55,Walls
Walls,Arthur,Arthur Walls,1955,1955/56,Walls
Waring,Pongo,Pongo Waring,1927,1927/28,Waring
Waring,Pongo,Pongo Waring,1936,1936/37,Waring
Waring,Pongo,Pongo Waring,1937,1937/38,Waring
Waring,Pongo,Pongo Waring,1938,1938/39,Waring
Warren,Emrys,Emrys Warren,1933,1933/34,Warren
Warren,Emrys,Emrys Warren,1934,1934/35,Warren
Warriner,Steve,Steve Warriner,1982,1982/83,Warriner
Wassell,Gilbert,Gilbert Wassell,1937,1937/38,Wassell
Wassell,Gilbert,Gilbert Wassell,1938,1938/39,Wassell
Waterston,Archie,Archie Waterston,1929,1929/30,Waterston
Watson,Jack,Jack Watson,1933,1933/34,Watson
Watson,Jack,Jack Watson,1934,1934/35,Watson
Watson,Jack,Jack Watson,1935,1935/36,Watson
Watts,Farewell,Farewell Watts,1929,1929/30,Watts
Watts,Farewell,Farewell Watts,1930,1930/31,Watts
Watts,Farewell,Farewell Watts,1931,1931/32,Watts
Watts,Farewell,Farewell Watts,1932,1932/33,Watts
Watts,Farewell,Farewell Watts,1933,1933/34,Watts
Webb,John,John Webb,1974,1974/75,Webb
Weir,Jimmy,Jimmy Weir,1964,1964/65,Weir
Wellings,Barry,Barry Wellings,1982,1982/83,Wellings
Wellings,Barry,Barry Wellings,1983,1983/84,Wellings
West,Gordon,Gordon West,1976,1976/77,West
West,Gordon,Gordon West,1977,1977/78,West
West,Gordon,Gordon West,1978,1978/79,West
Westlake,Brian,Brian Westlake,1966,1966/67,Westlake
Wheeler,Johnny,Johnny Wheeler,1948,1948/49,Wheeler
Wheeler,Johnny,Johnny Wheeler,1949,1949/50,Wheeler
Wheeler,Johnny,Johnny Wheeler,1950,1950/51,Wheeler
White,Bob,Bob White,1925,1925/26,White
White,Bob,Bob White,1926,1926/27,White
Whitehurst,Bert,Bert Whitehurst,1931,1931/32,Whitehurst
Whitehurst,Bert,Bert Whitehurst,1932,1932/33,Whitehurst
Whitehurst,Bert,Bert Whitehurst,1933,1933/34,Whitehurst
Whittingham,Steve,Steve Whittingham,1978,1978/79,Whittingham
Whittingham,Steve,Steve Whittingham,1979,1979/80,Whittingham
Whittingham,Steve,Steve Whittingham,1980,1980/81,Whittingham
Whyte,Crawford,Crawford Whyte,1936,1936/37,Whyte
Wilde,Leslie,Leslie Wilde,1923,1923/24,Wilde
Wilkinson,Barry,Barry Wilkinson,1963,1963/64,Wilkinson
Williams,Gary,Gary Williams,1976,1976/77,Williams G
Williams,Gary,Gary Williams,1982,1982/83,Williams G
Williams,Gary,Gary Williams,1983,1983/84,Williams G
Williams,Gary,Gary Williams,1984,1984/85,Williams G
Williams,Gary,Gary Williams,1985,1985/86,Williams G
Williams,Gary,Gary Williams,1986,1986/87,Williams G
Williams,Gary,Gary Williams,1987,1987/88,Williams G
Williams,Gary,Gary Williams,1988,1988/89,Williams G
Williams,Graham,Graham Williams,1966,1966/67,Williams
Williams,Graham,Graham Williams,1967,1967/68,Williams
Williams,Jackie,Jackie Williams,1946,1946/47,Williams JW
Williams,John,John Williams,1978,1978/79,Williams J
Williams,John,John Williams,1979,1979/80,Williams J
Williams,John,John Williams,1980,1980/81,Williams J
Williams,John,John Williams,1981,1981/82,Williams J
Williams,John,John Williams,1982,1982/83,Williams J
Williams,John,John Williams,1983,1983/84,Williams J
Williams,John,John Williams,1984,1984/85,Williams J
Williams,Keith,Keith Williams,1957,1957/58,Williams K
Williams,Keith,Keith Williams,1958,1958/59,Williams K
Williams,Keith,Keith Williams,1959,1959/60,Williams K
Williams,Keith,Keith Williams,1960,1960/61,Williams K
Williams,Ray,Ray Williams,1951,1951/52,Williams R
Williams,Ray,Ray Williams,1952,1952/53,Williams R
Williams,Ray,Ray Williams,1953,1953/54,Williams R
Williams,Ray,Ray Williams,1954,1954/55,Williams R
Williams,Ray,Ray Williams,1955,1955/56,Williams R
Williams,Ray,Ray Williams,1956,1956/57,Williams R
Williams,Ray,Ray Williams,1957,1957/58,Williams R
Williams,Ray,Ray Williams,1958,1958/59,Williams R
Williams,Tommy,Tommy Williams,1946,1946/47,Williams T
Williams,Tommy,Tommy Williams,1947,1947/48,Williams
Williams,Tommy,Tommy Williams,1948,1948/49,Williams
Williams,Tommy,Tommy Williams,1949,1949/50,Williams T
Williams,Tommy,Tommy Williams,1950,1950/51,Williams
Williams,Tommy,Tommy Williams,1951,1951/52,Williams
Williams,Tommy,Tommy Williams,1952,1952/53,Williams
Williams,Tommy,Tommy Williams,1953,1953/54,Williams T
Williams,Tommy,Tommy Williams,1954,1954/55,Williams T
Williams,Tommy,Tommy Williams,1955,1955/56,Williams T
Williams,Tommy,Tommy Williams,1956,1956/57,Williams T
Williamson,James,James Williamson,1946,1946/47,Williamson J
Williamson,Stewie,Stewie Williamson,1945,1945/46,Williamson S
Williamson,Stewie,Stewie Williamson,1946,1946/47,Williamson S
Williamson,Stewie,Stewie Williamson,1947,1947/48,Williamson
Williamson,Stewie,Stewie Williamson,1948,1948/49,Williamson
Williamson,Stewie,Stewie Williamson,1949,1949/50,Williamson
Williamson,Stewie,Stewie Williamson,1950,1950/51,Williamson
Williamson,Stewie,Stewie Williamson,1951,1951/52,Williamson
Williamson,Stewie,Stewie Williamson,1952,1952/53,Williamson
Wilson,Bob,Bob Wilson,1962,1962/63,Wilson
Wilson,Bob,Bob Wilson,1963,1963/64,Wilson
Winn,Edward,Edward Winn,1921,1921/22,Winn
Woan,Don,Don Woan,1953,1953/54,Woan
Woan,Don,Don Woan,1954,1954/55,Woan
Wood,Albert,Albert Wood,1936,1936/37,Wood
Wood,Archie,Archie Wood,1949,1949/50,Wood
Wooddin,Steve,Steve Wooddin,1974,1974/75,Wooddin
Woods,Billy,Billy Woods,1996,1996/97,Woods
Woods,Ray,Ray Woods,1982,1982/83,Woods
Woods,Ray,Ray Woods,1983,1983/84,Woods
Woods,Ray,Ray Woods,1984,1984/85,Woods
Woodward,Billy,Billy Woodward,1933,1933/34,Woodward
Woodward,Billy,Billy Woodward,1934,1934/35,Woodward
Woodward,Billy,Billy Woodward,1935,1935/36,Woodward
Worthington,Frank,Frank Worthington,1985,1985/86,Worthington
Worthington,Frank,Frank Worthington,1986,1986/87,Worthington
Yardley,George,George Yardley,1966,1966/67,Yardley
Yardley,George,George Yardley,1967,1967/68,Yardley
Yardley,George,George Yardley,1968,1968/69,Yardley
Yardley,George,George Yardley,1969,1969/70,Yardley
Yardley,George,George Yardley,1970,1970/71,Yardley
Yates,Wilf,Wilf Yates,1926,1926/27,Yates
Yates,Wilf,Wilf Yates,1927,1927/28,Yates
Yates,Wilf,Wilf Yates,1928,1928/29,Yates
Yeats,Ron,Ron Yeats,1971,1971/72,Yeats
Yeats,Ron,Ron Yeats,1972,1972/73,Yeats
Yeats,Ron,Ron Yeats,1973,1973/74,Yeats
Young,Tommy,Tommy Young,1972,1972/73,Young
Young,Tommy,Tommy Young,1973,1973/74,Young
Young,Tommy,Tommy Young,1974,1974/75,Young
Young,Tommy,Tommy Young,1975,1975/76,Young
Young,Tommy,Tommy Young,1976,1976/77,Young
